idx,name,path,material,density,volume_cm3,mass_kg,x,y,z,t_est,nsolids,group
0,C059420,C061176/C059399/C059405,AISI316_SAC,7.9,337.9993545874975,2.6701949012412305,-699.6426327587654,430.74999999998465,699.6426327587637,1.977954038213036,1,MACHINE
1,C059416,C061176/C059399/C059405,AISI316_SAC,7.9,742.9571500037223,5.8693614850294065,483.75773326525484,420.4191200016671,712.7545915691683,1.9773171737501851,1,MACHINE
2,C059417,C061176/C059399/C059405,AISI316_SAC,7.9,337.9993591173755,2.6701949370272664,-699.6426325613604,430.7499999999818,-699.6426325613144,1.9779540644134133,1,MACHINE
3,C059411,C061176/C059399/C059405,AISI316_SAC,7.9,582.6305252115225,4.602781149171028,3.5474948544777312e-12,728.8596090143122,746.8921857836698,1.97726857597093,1,MACHINE
4,C059418,C061176/C059399/C059405,AISI316_SAC,7.9,576.4650082539137,4.554073565205918,-4.470900157172161e-12,728.8645247107503,-746.8696418926211,1.9750215891334042,1,MACHINE
5,C059422,C061176/C059399/C059405,AISI316_SAC,7.9,493.25081154985935,3.8966814112438892,-511.4725789732343,195.9127786035109,-285.99016541921793,1.975252865767821,1,MACHINE
6,C004467,C061176/C059399/C059405/C001734,AISI316_SAC,7.9,222.73168340763198,1.7595802989202927,-727.9999992062725,30.366447050634367,728.0000012123112,12.048097875924807,2,MACHINE
7,C001733_Varsayılan,C061176/C059399/C059405/C001734,AISI316_SAC,7.9,69.50176295697638,0.5490639273601134,-708.7628392025556,128.84710136170105,708.7583262963477,1.9443546459997647,1,MACHINE
8,C001737_Varsayılan,C061176/C059399/C059405/C001734,AISI316_SAC,7.9,5.011124010381274,0.039587879682012064,-728.0000000000002,71.99999999997964,727.9999999999998,2.9454775193645957,1,MACHINE
9,C001731_Varsayılan<Makinelenmiş Olarak>,C061176/C059399/C059405/C001734,AISI316_SAC,7.9,35.66894390542094,0.28178465685282544,-728.0000000000002,121.99999999997962,727.9999999999998,2.5314401622718083,1,MACHINE
10,C002526_M20 INOX SOMUN,C061176/C059399/C059405/C001734,A4_INOX,7.9,7.3330193383590085,0.057930852773036175,-728.0000003093984,82.00000081755898,727.9999989605478,4.212251030532,1,MACHINE
11,C004467,C061176/C059399/C059405/C001734,AISI316_SAC,7.9,222.73168340763198,1.7595802989202927,-728.0000012123115,30.366447050655246,-727.9999992062727,12.048097875924807,2,MACHINE
12,C001733_Varsayılan,C061176/C059399/C059405/C001734,AISI316_SAC,7.9,69.50176295697638,0.5490639273601134,-708.7583262963481,128.84710136172185,-708.7628392025557,1.9443546459997647,1,MACHINE
13,C001737_Varsayılan,C061176/C059399/C059405/C001734,AISI316_SAC,7.9,5.011124010381274,0.039587879682012064,-728.0000000000001,72.00000000000048,-728.0000000000006,2.9454775193645957,1,MACHINE
14,C001731_Varsayılan<Makinelenmiş Olarak>,C061176/C059399/C059405/C001734,AISI316_SAC,7.9,35.66894390542094,0.28178465685282544,-728.0000000000001,122.00000000000043,-728.0000000000005,2.5314401622718083,1,MACHINE
15,C002526_M20 INOX SOMUN,C061176/C059399/C059405/C001734,A4_INOX,7.9,7.3330193383590085,0.057930852773036175,-727.9999989605482,82.00000081757983,-728.0000003093986,4.212251030532,1,MACHINE
16,C004467,C061176/C059399/C059405/C001734,AISI316_SAC,7.9,222.73168340763198,1.7595802989202927,727.9999992062722,30.366447050634232,-728.0000012123122,12.048097875924807,2,MACHINE
17,C001733_Varsayılan,C061176/C059399/C059405/C001734,AISI316_SAC,7.9,69.50176295697638,0.5490639273601134,708.7628392025553,128.8471013617008,-708.7583262963487,1.9443546459997647,1,MACHINE
18,C001737_Varsayılan,C061176/C059399/C059405/C001734,AISI316_SAC,7.9,5.011124010381274,0.039587879682012064,727.9999999999999,71.99999999997951,-728.0000000000008,2.9454775193645957,1,MACHINE
19,C001731_Varsayılan<Makinelenmiş Olarak>,C061176/C059399/C059405/C001734,AISI316_SAC,7.9,35.66894390542094,0.28178465685282544,727.9999999999999,121.99999999997947,-728.0000000000008,2.5314401622718083,1,MACHINE
20,C002526_M20 INOX SOMUN,C061176/C059399/C059405/C001734,A4_INOX,7.9,7.3330193383590085,0.057930852773036175,728.000000309398,82.00000081755886,-727.9999989605489,4.212251030532,1,MACHINE
21,C004467,C061176/C059399/C059405/C001734,AISI316_SAC,7.9,222.73168340763198,1.7595802989202927,728.0000012123115,30.366447050654884,727.9999992062719,12.048097875924807,2,MACHINE
22,C001733_Varsayılan,C061176/C059399/C059405/C001734,AISI316_SAC,7.9,69.50176295697638,0.5490639273601134,708.7583262963481,128.84710136172157,708.762839202555,1.9443546459997647,1,MACHINE
23,C001737_Varsayılan,C061176/C059399/C059405/C001734,AISI316_SAC,7.9,5.011124010381274,0.039587879682012064,728.0000000000001,72.00000000000016,727.9999999999998,2.9454775193645957,1,MACHINE
24,C001731_Varsayılan<Makinelenmiş Olarak>,C061176/C059399/C059405/C001734,AISI316_SAC,7.9,35.66894390542094,0.28178465685282544,728.0000000000001,122.00000000000011,727.9999999999998,2.5314401622718083,1,MACHINE
25,C002526_M20 INOX SOMUN,C061176/C059399/C059405/C001734,A4_INOX,7.9,7.3330193383590085,0.057930852773036175,727.9999989605482,82.0000008175795,728.0000003093978,4.212251030532,1,MACHINE
26,C059415,C061176/C059399/C059405,AISI316_SAC,7.9,225.83292598198793,1.7840801152577046,287.24018515441145,566.4996982662632,-744.530642399668,1.964898995025367,1,MACHINE
27,C059410,C061176/C059399/C059405,AISI316_SAC,7.9,582.6305252115225,4.602781149171028,746.8921857836352,728.859609014303,3.7980063216066114e-11,1.9772685759709296,1,MACHINE
28,C059419,C061176/C059399/C059405,AISI316_SAC,7.9,157.06891424323953,1.2408444225215924,-77.9863525002922,424.05158619792496,-739.8917742267417,1.9623561775033342,1,MACHINE
29,C059421,C061176/C059399/C059405,AISI316_SAC,7.9,316.6138674440977,2.501249552808372,681.9602713744666,628.5711601193398,-7.177250518134033e-11,1.968507487197219,1,MACHINE
30,C059423,C061176/C059399/C059405,AISI316_SAC,7.9,3383.176668206877,26.727095678834328,-360.94211163242164,648.7273879453423,4.3465683415454056e-11,1.9933489044920958,1,MACHINE
31,C059408_Varsayılan,C061176/C059399/C059405,AISI316_SAC,7.9,246.54253854108237,1.9476860544745507,446.5451672111515,630.3910101954488,644.4758570297905,1.974616802386759,1,MACHINE
32,C059413_Varsayılan,C061176/C059399/C059405,AISI316_SAC,7.9,246.5425385410823,1.9476860544745502,446.5451672111537,630.391010195387,-644.4758570297712,1.974616802386759,1,MACHINE
33,C059409,C061176/C059399/C059405,AISI316_SAC,7.9,491.1991358575757,3.880473173274848,159.9999999999999,208.95707085924036,-5.401767218912722e-13,1.9705933261547472,1,MACHINE
34,C059414,C061176/C059399/C059405,AISI316_SAC,7.9,291.33081817089874,2.3015134635501,-289.73988333786394,208.92928615398276,-2.2726298520970956e-12,1.9724172278961376,1,MACHINE
35,C059414,C061176/C059399/C059405,AISI316_SAC,7.9,291.33081817089874,2.3015134635501,-289.73988333786673,208.92928615398657,569.9999999999977,1.9724172278961376,1,MACHINE
36,C059414,C061176/C059399/C059405,AISI316_SAC,7.9,291.33081817089874,2.3015134635501,-289.739883337867,208.9292861539865,-569.9999999999967,1.9724172278961376,1,MACHINE
37,C059407,C061176/C059399/C059405,AISI316_SAC,7.9,374.11422470250335,2.9555023751497767,707.2095169444717,428.20043939457963,-679.0435436851756,1.976858082857502,1,MACHINE
38,C059406,C061176/C059399/C059405,AISI316_SAC,7.9,257.33525406876254,2.032948507143224,-284.99999999999727,618.1777375406069,140.0000000000033,1.969839595544171,1,MACHINE
39,C035915,C061176/C059399/C059405,AISI316_SAC,7.9,35.154991128680905,0.27772442991657914,776.4846377465612,749.4848908372833,9.804818651844175e-13,3.634379721558669,1,MACHINE
40,C055069,C061176/C059399/C059405,AISI316_SAC,7.9,44.88919661043772,0.354624653222458,671.1740032933953,754.900000049039,-792.5316730456242,2.7794735564383766,1,MACHINE
41,C055069,C061176/C059399/C059405,AISI316_SAC,7.9,44.88919661043772,0.354624653222458,671.1740032933953,754.8999999509427,792.531673045624,2.7794735564383766,1,MACHINE
42,C059406,C061176/C059399/C059405,AISI316_SAC,7.9,257.33525406876254,2.032948507143224,-284.99999999999795,618.1777375406172,-139.99999999999952,1.969839595544171,1,MACHINE
43,C059412,C061176/C059399/C059405,AISI316_SAC,7.9,63.700722391513835,0.5032357068929594,5.355093708327987e-09,648.2495526771737,-1.8132418487305356e-09,2.8497477537562275,1,MACHINE
44,C059424,C061176/C059399/C059405,AISI316_SAC,7.9,264.9289720168833,2.092938878933378,404.0500000000021,628.6830979216612,5.320943133327055e-13,1.977079253875999,1,MACHINE
45,C059425,C061176/C059399/C059405,AISI316_SAC,7.9,46.69862238067324,0.36891911680731865,307.00000000000256,619.1089525410116,3.979039320256561e-13,1.9469640945335216,1,MACHINE
46,C059425,C061176/C059399/C059405,AISI316_SAC,7.9,46.69862238067324,0.36891911680731865,501.10000000000275,619.1089525410111,5.258016244624741e-13,1.9469640945335216,1,MACHINE
47,C011538_Default<As Machined>,C061176/C059399/C059405/C011536_Varsayılan,AISI316_SAC,7.9,69.69486701761642,0.5505894494391697,497.50000000000034,694.2779599861916,3.852172854798303e-12,6.19136868305232,1,MACHINE
48,C011542,C061176/C059399/C059405/C011536_Varsayılan,AISI316_SAC,7.9,313.0680856188102,2.4732378763886005,495.3135787951248,730.1999999999821,3.838925894021448e-12,15.41990978074732,1,MACHINE
49,C009077,C061176/C059399/C059405/C011536_Varsayılan,AISI316_SAC,7.9,37.59840833437323,0.29702742584154856,497.25000000000034,730.1999999999821,3.969630151940155e-12,6.452808642020701,1,MACHINE
50,C009079,C061176/C059399/C059405/C011536_Varsayılan,AISI316_SAC,7.9,15.3378875803469,0.1211693118847405,517.565093028606,730.1999999999821,3.930086970048725e-12,3.3908237274482382,1,MACHINE
51,C001111_Varsayılan,C061176/C059399/C059405/C011536_Varsayılan,AISI316_SAC,7.9,3.737456207006785,0.0295259040353536,474.67051922505283,730.1999999999821,3.8369600876379985e-12,1.9314811970494992,1,MACHINE
52,C001111_Varsayılan,C061176/C059399/C059405/C011536_Varsayılan,AISI316_SAC,7.9,3.737456207006785,0.0295259040353536,481.6705192250529,730.1999999999821,3.768930448536656e-12,1.9314811970494992,1,MACHINE
53,C001111_Varsayılan,C061176/C059399/C059405/C011536_Varsayılan,AISI316_SAC,7.9,3.737456207006785,0.0295259040353536,521.3294807749479,730.1999999999821,3.930797808392704e-12,1.9314811970494992,1,MACHINE
54,C001111_Varsayılan,C061176/C059399/C059405/C011536_Varsayılan,AISI316_SAC,7.9,3.737456207006785,0.0295259040353536,513.6705192250527,730.1999999999821,3.962831462412206e-12,1.9314811970494992,1,MACHINE
55,C002697,C061176/C059399/C059405/C011536_Varsayılan,AISI316_SAC,7.9,27.06957688274716,0.21384965737370257,496.0196035839365,730.2000000374381,-1.9177067890894354e-07,7.379394437396822,1,MACHINE
56,C001090,C061176/C059399/C059405/C011536_Varsayılan,AISI316_SAC,7.9,4.613689201004701,0.03644814468793714,550.7878129113543,730.1999999999823,3.641635637363527e-12,3.410175234860814,1,MACHINE
57,C001121_Varsayılan,C061176/C059399/C059405/C011536_Varsayılan,AISI316_SAC,7.9,14.212060513640223,0.11227527805775776,503.9999999957093,730.1999999583726,-6.442329168883838e-08,2.5766064128466435,3,MACHINE
58,C001121_Varsayılan,C061176/C059399/C059405/C011536_Varsayılan,AISI316_SAC,7.9,14.212060513640223,0.11227527805775776,491.99999999570946,730.2000000415916,6.443097065468834e-08,2.5766064128466435,3,MACHINE
59,C000607,C061176/C059399/C059405/C011536_Varsayılan,AISI316_SAC,7.9,1.6443527910210123,0.012990387049065997,517.0000000000003,724.8195891940597,3.839856396064024e-12,1.3414266924256193,1,MACHINE
60,C001113_Varsayılan,C061176/C059399/C059405/C011536_Varsayılan,AISI316_SAC,7.9,0.5921762640653624,0.004678192486116364,509.5000000000002,730.1999999999821,3.827790890478825e-12,1.0000000000000007,1,MACHINE
61,C011538_Default<As Machined>,C061176/C059399/C059405/C011536_Varsayılan,AISI316_SAC,7.9,69.69486701761642,0.5505894494391697,-248.7499999999879,694.2779599862147,-430.84763838275734,6.19136868305232,1,MACHINE
62,C011542,C061176/C059399/C059405/C011536_Varsayılan,AISI316_SAC,7.9,313.0680856188102,2.4732378763886005,-247.65678939754955,730.2000000000053,-428.95414207596195,15.41990978074732,1,MACHINE
63,C009077,C061176/C059399/C059405/C011536_Varsayılan,AISI316_SAC,7.9,37.59840833437323,0.29702742584154856,-248.62499999998724,730.2000000000053,-430.6311320318112,6.452808642020701,1,MACHINE
64,C009079,C061176/C059399/C059405/C011536_Varsayılan,AISI316_SAC,7.9,15.3378875803469,0.1211693118847405,-258.7825465142902,730.2000000000054,-448.2245186748278,3.3908237274482382,1,MACHINE
65,C001111_Varsayılan,C061176/C059399/C059405/C011536_Varsayılan,AISI316_SAC,7.9,3.737456207006785,0.0295259040353536,-237.3352596125135,730.2000000000049,-411.0767280764443,1.9314811970494992,1,MACHINE
66,C001111_Varsayılan,C061176/C059399/C059405/C011536_Varsayılan,AISI316_SAC,7.9,3.737456207006785,0.0295259040353536,-240.8352596125136,730.200000000005,-417.13890590293533,1.9314811970494992,1,MACHINE
67,C001111_Varsayılan,C061176/C059399/C059405/C011536_Varsayılan,AISI316_SAC,7.9,3.737456207006785,0.0295259040353536,-260.66474038746117,730.2000000000055,-451.4845740928547,1.9314811970494992,1,MACHINE
68,C001111_Varsayılan,C061176/C059399/C059405/C011536_Varsayılan,AISI316_SAC,7.9,3.737456207006785,0.0295259040353536,-256.8352596125135,730.2000000000054,-444.8517188240372,1.9314811970494992,1,MACHINE
69,C002697,C061176/C059399/C059405/C011536_Varsayılan,AISI316_SAC,7.9,27.06957688274716,0.21384965737370257,-248.00980195803703,730.2000000374612,-429.5655773828872,7.379394437396822,1,MACHINE
70,C001090,C061176/C059399/C059405/C011536_Varsayılan,AISI316_SAC,7.9,4.613689201004701,0.03644814468793714,-275.39390645566476,730.200000000006,-476.996238076102,3.410175234860814,1,MACHINE
71,C001121_Varsayılan,C061176/C059399/C059405/C011536_Varsayılan,AISI316_SAC,7.9,14.212060513640223,0.11227527805775776,-252.0000000536374,730.1999999583958,-436.47680347142636,2.5766064128466435,3,MACHINE
72,C001121_Varsayılan,C061176/C059399/C059405/C011536_Varsayılan,AISI316_SAC,7.9,14.212060513640223,0.11227527805775776,-245.99999994204634,730.2000000416147,-426.0844986904404,2.5766064128466435,3,MACHINE
73,C000607,C061176/C059399/C059405/C011536_Varsayılan,AISI316_SAC,7.9,1.6443527910210123,0.012990387049065997,-258.4999999999875,724.8195891940832,-447.73513375655375,1.3414266924256193,1,MACHINE
74,C001113_Varsayılan,C061176/C059399/C059405/C011536_Varsayılan,AISI316_SAC,7.9,0.5921762640653624,0.004678192486116364,-254.74999999998735,730.2000000000054,-441.23994322817043,1.0000000000000007,1,MACHINE
75,C011538_Default<As Machined>,C061176/C059399/C059405/C011536_Varsayılan,AISI316_SAC,7.9,69.69486701761642,0.5505894494391697,-248.74999999999218,694.2779599862174,430.8476383827503,6.19136868305232,1,MACHINE
76,C011542,C061176/C059399/C059405/C011536_Varsayılan,AISI316_SAC,7.9,313.0680856188102,2.4732378763886005,-247.656789397554,730.2000000000079,428.9541420759546,15.41990978074732,1,MACHINE
77,C009077,C061176/C059399/C059405/C011536_Varsayılan,AISI316_SAC,7.9,37.59840833437323,0.29702742584154856,-248.6249999999919,730.2000000000079,430.6311320318037,6.452808642020701,1,MACHINE
78,C009079,C061176/C059399/C059405/C011536_Varsayılan,AISI316_SAC,7.9,15.3378875803469,0.1211693118847405,-258.7825465142945,730.2000000000083,448.2245186748205,3.3908237274482382,1,MACHINE
79,C001111_Varsayılan,C061176/C059399/C059405/C011536_Varsayılan,AISI316_SAC,7.9,3.737456207006785,0.0295259040353536,-237.3352596125182,730.2000000000075,411.0767280764368,1.9314811970494992,1,MACHINE
80,C001111_Varsayılan,C061176/C059399/C059405/C011536_Varsayılan,AISI316_SAC,7.9,3.737456207006785,0.0295259040353536,-240.8352596125181,730.2000000000077,417.1389059029279,1.9314811970494992,1,MACHINE
81,C001111_Varsayılan,C061176/C059399/C059405/C011536_Varsayılan,AISI316_SAC,7.9,3.737456207006785,0.0295259040353536,-260.6647403874655,730.2000000000083,451.4845740928474,1.9314811970494992,1,MACHINE
82,C001111_Varsayılan,C061176/C059399/C059405/C011536_Varsayılan,AISI316_SAC,7.9,3.737456207006785,0.0295259040353536,-256.83525961251786,730.2000000000081,444.85171882402983,1.9314811970494992,1,MACHINE
83,C002697,C061176/C059399/C059405/C011536_Varsayılan,AISI316_SAC,7.9,27.06957688274716,0.21384965737370257,-248.00980162587828,730.200000037464,429.56557757465436,7.379394437396822,1,MACHINE
84,C001090,C061176/C059399/C059405/C011536_Varsayılan,AISI316_SAC,7.9,4.613689201004701,0.03644814468793714,-275.3939064556682,730.2000000000089,476.99623807609515,3.410175234860814,1,MACHINE
85,C001121_Varsayılan,C061176/C059399/C059405/C011536_Varsayılan,AISI316_SAC,7.9,14.212060513640223,0.11227527805775776,-251.9999999420507,730.1999999583986,436.47680353584616,2.5766064128466435,3,MACHINE
86,C001121_Varsayılan,C061176/C059399/C059405/C011536_Varsayılan,AISI316_SAC,7.9,14.212060513640223,0.11227527805775776,-246.0000000536419,730.2000000416174,426.0844986260059,2.5766064128466435,3,MACHINE
87,C000607,C061176/C059399/C059405/C011536_Varsayılan,AISI316_SAC,7.9,1.6443527910210123,0.012990387049065997,-258.4999999999917,724.819589194086,447.7351337565466,1.3414266924256193,1,MACHINE
88,C001113_Varsayılan,C061176/C059399/C059405/C011536_Varsayılan,AISI316_SAC,7.9,0.5921762640653624,0.004678192486116364,-254.74999999999164,730.2000000000081,441.2399432281631,1.0000000000000007,1,MACHINE
89,C059426,C061176/C059399/C059405,AISI316_SAC,7.9,15.289660069111669,0.12078831454598218,497.5000000000106,650.3499999999914,-1.541935627019957e-14,1.8879551820728244,1,MACHINE
90,C059426,C061176/C059399/C059405,AISI316_SAC,7.9,15.289660069111669,0.12078831454598218,-248.74999999999704,650.3499999999964,-430.8476383827644,1.8879551820728244,1,MACHINE
91,C059426,C061176/C059399/C059405,AISI316_SAC,7.9,15.289660069111669,0.12078831454598218,-248.7499999999944,650.3499999999992,430.8476383827618,1.8879551820728244,1,MACHINE
92,C059427,C061176/C059399/C059405,AISI316_SAC,7.9,2182.402810094144,17.24098219974374,3.3915030542854882e-12,199.999999994043,-2.4728931397144075e-12,1.9961329310730496,4,MACHINE
93,C000600_Varsayılan,C061176/C059399/C059405,AISI316_SAC,7.9,72.73616346027866,0.5746156913362014,99.99999999999994,614.9453582415953,658.0000000000434,10.224587660375974,1,MACHINE
94,C000600_Varsayılan,C061176/C059399/C059405,AISI316_SAC,7.9,72.73616346027866,0.5746156913362014,99.99999999999892,614.9453582415952,-657.9999999999568,10.224587660375974,1,MACHINE
95,C059406,C061176/C059399/C059405,AISI316_SAC,7.9,257.33525406876254,2.032948507143224,-285.0000000000547,618.1777375407866,-419.99999999999915,1.969839595544171,1,MACHINE
96,C059406,C061176/C059399/C059405,AISI316_SAC,7.9,257.33525406876254,2.032948507143224,-285.0000000000546,618.1777375407866,419.99999999999915,1.969839595544171,1,MACHINE
97,C059428,C061176/C059399/C059405,AISI316_SAC,7.9,180.28402220583624,1.4242437754261064,449.7394111833889,208.92588583214837,570.0000000000015,1.9694770372446788,1,MACHINE
98,C059428,C061176/C059399/C059405,AISI316_SAC,7.9,180.28402220583624,1.4242437754261064,449.7394111833918,208.9258858321447,1.3556452674032705e-12,1.9694770372446788,1,MACHINE
99,C059428,C061176/C059399/C059405,AISI316_SAC,7.9,180.28402220583624,1.4242437754261064,449.7394111833945,208.92588583214092,-569.9999999999987,1.9694770372446788,1,MACHINE
100,C059431,C061176/C059399/C059429,AISI316_SAC,7.9,1415.9589451956303,11.18607566704548,224.44104673180888,432.1216119233766,-113.98626815650783,1.9858555759095176,1,MACHINE
101,C059433,C061176/C059399/C059429,AISI316_SAC,7.9,1315.2858036649018,10.390757848952724,596.8135544926512,419.6120363241017,205.17297886855235,1.984803783974987,1,MACHINE
102,C059432,C061176/C059399/C059429,AISI316_SAC,7.9,212.18921586322708,1.676294805319494,403.9999999999941,576.9432563106819,624.4184021195507,1.9740852852706374,1,MACHINE
103,C059430,C061176/C059399/C059429,AISI316_SAC,7.9,1473.2849758457883,11.638951309181728,404.0007643327313,251.80646596821464,62.270180191195095,1.9887881976308672,1,MACHINE
104,C013752,C061176/C059399/C059429,AISI316_SAC,7.9,10.98929110225707,0.08681539970783086,403.999999999995,223.89930767028363,-485.0999999999585,1.8749999999999956,1,MACHINE
105,C000726_Varsayılan,C061176/C059399/C059429,AISI316_SAC,7.9,43.15484524376328,0.34092327742573,403.9999999999952,157.54224631406169,-508.7429386437362,1.9666137284233665,1,MACHINE
106,C059490,C061176/C059399/C059429,AISI316_SAC,7.9,65.93574661354243,0.5208923982469853,403.99999999999534,133.89930767028278,-650.0999999999582,1.9780219780219739,1,MACHINE
107,C000817,C061176/C059399/C059429,AISI316_SAC,7.9,22.864120881419737,0.18062655496321595,403.9999999999953,133.89930767028187,-759.0795543665299,2.988922180076582,1,MACHINE
108,C000840,C061176/C059399/C059429,AISI316_SAC,7.9,47.768111823039604,0.3773680834020129,147.00009247762026,325.00306692892315,31.899801191150722,3.8788335798862827,1,MACHINE
109,C000773,C061176/C059399/C059429,AISI316_SAC,7.9,24.361527450689803,0.19245606686044944,382.99999999999477,315.9999999999883,-562.0999999999599,4.178080588470224,1,MACHINE
110,C019476,C061176/C059399/C059429,AISI316_SAC,7.9,1.7974135456650109,0.014199567010753587,147.4999999999946,381.4999999999862,-493.1999999999584,2.6978745508761,1,MACHINE
111,C000773,C061176/C059399/C059429,AISI316_SAC,7.9,24.361527450689803,0.19245606686044944,237.99999999999486,315.9999999999879,-562.0999999999599,4.178080588470224,1,MACHINE
112,C012005_Varsayılan,C061176/C059399/C011999/C012000,AISI316_SAC,7.9,390.95327488235927,3.0885308715706383,465.6580473555465,547.9060652158256,818.7846399594664,1.9763286022151938,1,MACHINE
113,C012010,C061176/C059399/C011999/C012000,(hacimsiz/hatalı),0.0,0.0,0.0,,,,0.0,0,EXCLUDED_NOVOL
114,C003717_Varsayılan,C061176/C059399/C011999/C012000,AISI316_SAC,7.9,4.339445280489288,0.03428161771586538,290.97721239711217,578.399999999991,810.1000000000487,2.2542728145779423,1,MACHINE
115,C003718_Varsayılan,C061176/C059399/C011999/C012000,AISI316_SAC,7.9,12.26673921679978,0.09690723981271826,321.3890151445968,585.4401603245163,810.1000000000486,1.4279179064133705,1,MACHINE
116,C003708_Varsayılan,C061176/C059399/C011999/C012000,AISI316_SAC,7.9,27.146881922327697,0.21446036718638883,398.551520619423,607.9869790876251,810.1000000000482,1.438087546471786,1,MACHINE
117,C034067,C061176/C059399/C011999/C012000,AISI316_SAC,7.9,2.3606023968607865,0.018648758935200214,365.4999999999901,629.7131224374617,854.5037053718316,1.6693505009260896,1,MACHINE
118,C034068,C061176/C059399/C011999/C012000,(hacimsiz/hatalı),0.0,0.0,0.0,,,,0.0,0,EXCLUDED_NOVOL
119,C034069,C061176/C059399/C011999/C012000,AISI316_SAC,7.9,3.0348942011052555,0.02397566418873152,609.0354857251434,513.229341281898,857.5052484265925,1.7802580842840003,1,MACHINE
120,C034067,C061176/C059399/C011999/C012000,AISI316_SAC,7.9,2.3606023968607865,0.018648758935200214,565.4999999999901,629.7131224374617,854.5037053718318,1.6693505009260896,1,MACHINE
121,C012007_Varsayılan,C061176/C059399/C011999,AISI316_SAC,7.9,88.02552177546492,0.695401622026173,465.4999985958357,711.1786407550721,808.4651438839232,1.9539708604682486,1,MACHINE
122,C000810_Varsayılan,C061176/C059399/C011999,AISI316_SAC,7.9,55.28140316472916,0.4367230850013604,259.41787385818344,584.0558742865785,810.1314878597555,7.100156833101289,1,MACHINE
123,C003714_Varsayılan,C061176/C059399/C011999,AISI316_SAC,7.9,97.54173950498269,0.7705797420893632,502.99999999999017,575.399999999991,810.6000000000477,1.964317912218268,1,MACHINE
124,C003715_Varsayılan,C061176/C059399/C011999,AISI316_SAC,7.9,10.386372504940988,0.08205234278903381,502.98225624575787,575.3852699488057,811.2308631406293,3.829366841080544,1,MACHINE
125,C003702_Varsayılan,C061176/C059399/C011999,AISI316_SAC,7.9,257.42251201642597,2.033637844929765,492.87643394925004,574.9873615657738,917.3005626183456,6.609396203318704,1,MACHINE
126,C003712_Varsayılan,C061176/C059399/C011999,AISI316_SAC,7.9,78.17879760196368,0.6176125010555131,502.9999999999903,575.399999999991,870.3150400101259,5.522492672020109,1,MACHINE
127,C009784_Varsayılan,C061176/C059399/C011999,AISI316_SAC,7.9,8.475163341511756,0.06695379039794289,502.9999999999903,575.3999999999911,868.1000000000475,2.353033671806881,10,MACHINE
128,C000493_Varsayılan,C061176/C059399/C011999,AISI316_SAC,7.9,4.11069321882259,0.03247447642869846,502.9999999999903,575.399999999991,857.7440417244144,1.8725757587814698,1,MACHINE
129,C003711_Varsayılan,C061176/C059399/C011999,AISI316_SAC,7.9,28.234273945815744,0.2230507641719444,502.93778311462177,575.348330098197,872.7554526919893,7.148965515075217,1,MACHINE
130,C000790_Varsayılan,C061176/C059399/C011999,AISI316_SAC,7.9,0.47317477042468103,0.0037380806863549806,507.96197214289293,579.5208412312282,936.9000000000476,2.265025166563778,1,MACHINE
131,C003694_Varsayılan,C061176/C059399/C011999,AISI316_SAC,7.9,1.0846034477253397,0.008568367237030184,502.99999999998954,575.3999999999909,950.5375006520575,2.422162271006441,1,MACHINE
132,C002030_M6x16  INOX IMBUS CİVATA,C061176/C059399/C011999,A4_INOX,7.9,0.8598745676202425,0.006793009084199916,502.9999999999895,575.3999999999909,951.2015661320975,2.46153845995985,1,MACHINE
133,C003709_Varsayılan,C061176/C059399/C011999,AISI316_SAC,7.9,17.72065489993525,0.1399931737094885,433.73814454699925,633.3603683488941,825.1000000000482,3.894575198071452,1,MACHINE
134,C003709_Varsayılan,C061176/C059399/C011999,AISI316_SAC,7.9,17.72065489993525,0.1399931737094885,433.7381445469992,633.3603683488941,795.1000000000481,3.894575198071452,1,MACHINE
135,C003706_Varsayılan,C061176/C059399/C011999,AISI316_SAC,7.9,6.048119403802705,0.04778014329004137,432.27692206222065,638.8137249032501,790.2403395249297,1.4015486482845294,1,MACHINE
136,C003706_Varsayılan,C061176/C059399/C011999,AISI316_SAC,7.9,6.048119403802705,0.04778014329004137,432.27692206222065,638.8137249032501,826.7846604751666,1.4015486482845294,1,MACHINE
137,C003107_M5x16 INOX ANAH.BAŞLI CİVATA,C061176/C059399/C011999,A4_INOX,7.9,0.5036339531276443,0.0039787082297083895,470.4999995060171,575.4000001299918,885.4264828416632,2.2236082137510724,1,MACHINE
138,C001008,C061176/C059399/C011999,AISI316_SAC,7.9,0.1544101040678405,0.0012198398221359402,505.68147243475147,559.7277408909295,807.4655688363442,1.3569341388529494,1,MACHINE
139,C001008,C061176/C059399/C011999,AISI316_SAC,7.9,0.1544101040678405,0.0012198398221359402,515.2318383057503,585.5583528025724,807.4655688363446,1.3569341388529494,1,MACHINE
140,C001008,C061176/C059399/C011999,AISI316_SAC,7.9,0.1544101040678405,0.0012198398221359402,488.0866892594692,580.9139063064729,807.4655688363445,1.3569341388529494,1,MACHINE
141,C003705_Varsayılan,C061176/C059399/C011999,MOTOR_FAN,6.0,1272.3626180515528,7.634175708309316,483.98797200625575,442.1159392246004,917.9046594566622,17.16000421906182,5,MACHINE
142,C003704_Varsayılan,C061176/C059399/C011999,AISI316_SAC,7.9,1.3541795863390633,0.010698018732078601,291.99999999999017,578.399999999991,810.1000000000487,1.5989974937343359,1,MACHINE
143,C001094,C061176/C059399/C011999,AISI316_SAC,7.9,1.0207196222276493,0.00806368501559843,590.499993770111,672.1499971058814,844.5626619585524,2.257835955418782,1,MACHINE
144,C001094,C061176/C059399/C011999,AISI316_SAC,7.9,1.0207196222276493,0.00806368501559843,340.49999544682765,672.1500051435285,844.5626619585532,2.257835955418782,1,MACHINE
145,C002030_M6x16  INOX IMBUS CİVATA,C061176/C059399/C011999,A4_INOX,7.9,0.8598745676202425,0.006793009084199916,470.59999999999025,575.399999999991,849.398433868287,2.46153845995985,1,MACHINE
146,C001754_M6 INOX PUL,C061176/C059399/C011999,A4_INOX,7.9,0.12948388281035697,0.0010229226742018201,470.59999999999025,575.399999999991,847.3000000000476,1.0181818181818183,1,MACHINE
147,C002030_M6x16  INOX IMBUS CİVATA,C061176/C059399/C011999,A4_INOX,7.9,0.8598745676202425,0.006793009084199916,471.67596083205837,646.3226426510903,795.1000000000481,2.46153845995985,1,MACHINE
148,C001755,C061176/C059399/C011999,AISI316_SAC,7.9,0.2330307766726833,0.0018409431357141982,471.1328461820699,648.3495741191823,795.1000000000481,1.1259259259259489,1,MACHINE
149,C002532_M6 INOX SOMUN,C061176/C059399/C011999,A4_INOX,7.9,0.2900711084054986,0.002291561756403439,474.05750115426457,637.4346118038542,795.1000008718921,1.535645570527089,1,MACHINE
150,C000511,C061176/C059399/C011999,AISI316_SAC,7.9,0.25954822014716744,0.002050430939162623,512.376415907897,583.1869688409122,820.8499997204607,1.6899428449810654,1,MACHINE
151,C002532_M6 INOX SOMUN,C061176/C059399/C011999,A4_INOX,7.9,0.2900711084054986,0.002291561756403439,470.5999991343232,575.3999996319535,861.5999995995422,1.535645570527089,1,MACHINE
152,C002532_M6 INOX SOMUN,C061176/C059399/C011999,A4_INOX,7.9,0.2900711084054986,0.002291561756403439,396.78343505113907,616.7290881956526,795.1000008718919,1.535645570527089,1,MACHINE
153,C001755,C061176/C059399/C011999,AISI316_SAC,7.9,0.2330307766726833,0.0018409431357141982,393.8587800789444,627.6440505109808,795.1000000000479,1.1259259259259489,1,MACHINE
154,C002030_M6x16  INOX IMBUS CİVATA,C061176/C059399/C011999,A4_INOX,7.9,0.8598745676202425,0.006793009084199916,394.4018947289329,625.6171190428889,795.1000000000479,2.46153845995985,1,MACHINE
155,C002030_M6x16  INOX IMBUS CİVATA,C061176/C059399/C011999,A4_INOX,7.9,0.8598745676202425,0.006793009084199916,471.6759608320584,646.3226426510903,825.1000000000482,2.46153845995985,1,MACHINE
156,C001755,C061176/C059399/C011999,AISI316_SAC,7.9,0.2330307766726833,0.0018409431357141982,471.1328461820699,648.3495741191823,825.1000000000482,1.1259259259259489,1,MACHINE
157,C002030_M6x16  INOX IMBUS CİVATA,C061176/C059399/C011999,A4_INOX,7.9,0.8598745676202425,0.006793009084199916,394.4018947289329,625.6171190428889,825.1000000000483,2.46153845995985,1,MACHINE
158,C001755,C061176/C059399/C011999,AISI316_SAC,7.9,0.2330307766726833,0.0018409431357141982,393.8587800789444,627.6440505109808,825.1000000000483,1.1259259259259489,1,MACHINE
159,C002532_M6 INOX SOMUN,C061176/C059399/C011999,A4_INOX,7.9,0.2900711084054986,0.002291561756403439,396.78343484382225,616.7290889693695,825.0999991282043,1.535645570527089,1,MACHINE
160,C002532_M6 INOX SOMUN,C061176/C059399/C011999,A4_INOX,7.9,0.2900711084054986,0.002291561756403439,474.05750094694775,637.434612577571,825.0999991282042,1.535645570527089,1,MACHINE
161,C003107_M5x16 INOX ANAH.BAŞLI CİVATA,C061176/C059399/C011999,A4_INOX,7.9,0.5036339531276443,0.0039787082297083895,503.0000001299912,607.9000004939642,885.4264828416632,2.2236082137510724,1,MACHINE
162,C003107_M5x16 INOX ANAH.BAŞLI CİVATA,C061176/C059399/C011999,A4_INOX,7.9,0.5036339531276443,0.0039787082297083895,535.5000004939635,575.39999986999,885.4264828416631,2.2236082137510724,1,MACHINE
163,C003107_M5x16 INOX ANAH.BAŞLI CİVATA,C061176/C059399/C011999,A4_INOX,7.9,0.5036339531276443,0.0039787082297083895,502.9999998699891,542.8999995060178,885.4264828416632,2.2236082137510724,1,MACHINE
164,C001754_M6 INOX PUL,C061176/C059399/C011999,A4_INOX,7.9,0.12948388281035697,0.0010229226742018201,502.9999999999904,607.799999999991,847.3000000000475,1.0181818181818183,1,MACHINE
165,C001754_M6 INOX PUL,C061176/C059399/C011999,A4_INOX,7.9,0.12948388281035697,0.0010229226742018201,535.3999999999902,575.3999999999908,847.3000000000475,1.0181818181818183,1,MACHINE
166,C001754_M6 INOX PUL,C061176/C059399/C011999,A4_INOX,7.9,0.12948388281035697,0.0010229226742018201,502.99999999998994,542.999999999991,847.3000000000475,1.0181818181818183,1,MACHINE
167,C002030_M6x16  INOX IMBUS CİVATA,C061176/C059399/C011999,A4_INOX,7.9,0.8598745676202425,0.006793009084199916,502.99999999999034,607.799999999991,849.3984338682869,2.46153845995985,1,MACHINE
168,C002030_M6x16  INOX IMBUS CİVATA,C061176/C059399/C011999,A4_INOX,7.9,0.8598745676202425,0.006793009084199916,535.3999999999903,575.3999999999908,849.3984338682869,2.46153845995985,1,MACHINE
169,C002030_M6x16  INOX IMBUS CİVATA,C061176/C059399/C011999,A4_INOX,7.9,0.8598745676202425,0.006793009084199916,502.99999999998994,542.999999999991,849.3984338682869,2.46153845995985,1,MACHINE
170,C002532_M6 INOX SOMUN,C061176/C059399/C011999,A4_INOX,7.9,0.2900711084054986,0.002291561756403439,502.99999963195296,607.800000865658,861.5999995995422,1.535645570527089,1,MACHINE
171,C002532_M6 INOX SOMUN,C061176/C059399/C011999,A4_INOX,7.9,0.2900711084054986,0.002291561756403439,535.4000008656574,575.4000003680283,861.5999995995421,1.535645570527089,1,MACHINE
172,C002532_M6 INOX SOMUN,C061176/C059399/C011999,A4_INOX,7.9,0.2900711084054986,0.002291561756403439,503.0000003680274,542.999999134324,861.5999995995422,1.535645570527089,1,MACHINE
173,C004461_Varsayılan,C061176/C059399/C011999/C034610,AISI316_SAC,7.9,277.50503968261967,2.1922898134926956,465.49999995151285,582.1648724559182,939.693187784849,1.4835817697790437,1,MACHINE
174,C034609,C061176/C059399/C011999/C034610,AISI316_SAC,7.9,108.623421623877,0.8581250308286282,465.50000056177464,537.7069169914945,1027.985151242276,1.4821639707467211,1,MACHINE
175,C059400,C061176/C059399,AISI316_SAC,7.9,370.268737369815,2.9251230252215388,-362.5000000159345,430.74999999996,-745.2719765401542,1.490606537912989,1,MACHINE
176,C059401,C061176/C059399,AISI316_SAC,7.9,340.7298969155486,2.691766185632834,287.5000000206859,365.7499999999826,-744.8240470719588,1.4896023200644952,1,MACHINE
177,C059403,C061176/C059399,AISI316_SAC,7.9,879.3513959678628,6.946876028146116,-746.1273350566751,430.750000000037,-2.557164919574599e-08,1.4932672768480828,1,MACHINE
178,C059434,C061176/C059399,AISI316_SAC,7.9,809.1330982301965,6.392151476018553,746.0733458114962,430.7499999999934,2.497616496651884e-08,1.4930990532433153,1,MACHINE
179,C059402,C061176/C059399,AISI316_SAC,7.9,514.2162477320592,4.062308357083268,-260.0000000205808,430.75000000001893,745.6855767027117,1.4918919269674336,1,MACHINE
180,C008355,C061176/C059399/C008357,AISI316_SAC,7.9,19.960108924582773,0.15768486050420394,450.9999999999909,1930.4000000000096,537.9999999999973,1.788332981493211,1,MACHINE
181,C008356,C061176/C059399/C008357,AISI316_SAC,7.9,65.71480373412918,0.5191469494996205,450.99997980712226,1964.407442225979,538.0315343426166,1.9324786273866366,1,MACHINE
182,C059452_Varsayılan,C061176/C059399,AISI316_SAC,7.9,321.78971504256805,2.5421387488362877,382.14129761028505,615.6941844454988,335.0000005457485,1.4838703503654138,1,MACHINE
183,C059446,C061176/C059399/C059441,AISI316_SAC,7.9,3403.363946674493,26.886575178728496,-747.7568773085492,1364.9010885434775,-6.929708757405397e-06,1.9935784535681296,1,MACHINE
184,C059443,C061176/C059399/C059441,AISI316_SAC,7.9,2813.8671785477313,22.22955071052708,-23.949685100906475,1347.853783860794,745.1669376710939,1.9874496303595321,1,MACHINE
185,C059445,C061176/C059399/C059441,AISI316_SAC,7.9,3799.5583041547598,30.016510602822603,-17.743980720258282,1364.4882840272603,-746.1613219523471,1.9935888885337967,1,MACHINE
186,C059442,C061176/C059399/C059441,AISI316_SAC,7.9,1938.6783411967206,15.315558895454092,93.06615023483023,1910.89999999905,2.461009166339771e-12,1.995675846257754,9,MACHINE
187,C059444,C061176/C059399/C059441,AISI316_SAC,7.9,3146.518944242841,24.857499659518446,-20.607074398767395,1928.6500000000185,-3.8144072724805245,1.4960091887191345,1,MACHINE
188,C059449,C061176/C059399/C059441,AISI316_SAC,7.9,54.60088031939094,0.43134695452318844,-538.9999999999852,1979.4000000000035,-538.0000000000036,1.9607843137255019,1,MACHINE
189,C013213,C061176/C059399/C059441,AISI316_SAC,7.9,110.30953427655035,0.8714453207847478,-538.9999999999777,1904.410052767532,-509.9218402965121,1.4835261904791985,1,MACHINE
190,C013213,C061176/C059399/C059441,AISI316_SAC,7.9,110.30953427655035,0.8714453207847478,451.0000000000151,1904.4100527675312,539.9218402965022,1.4835261904791985,1,MACHINE
191,C059447,C061176/C059399/C059441,AISI316_SAC,7.9,276.2536134655518,2.1824035463778593,531.0000000000172,1364.9000000000049,760.9456241320977,1.9653143633582262,1,MACHINE
192,C059450,C061176/C059399/C059441,AISI316_SAC,7.9,322.90471066141885,2.550947214225209,752.2161244203128,823.5017748268289,-2.7265211459272385e-13,1.9628191234554562,1,MACHINE
193,C059447,C061176/C059399/C059441,AISI316_SAC,7.9,276.2536134655518,2.1824035463778593,-528.9999999999882,1364.9000000000049,760.9456241320943,1.9653143633582262,1,MACHINE
194,C059447,C061176/C059399/C059441,AISI316_SAC,7.9,276.2536134655518,2.1824035463778593,-528.9999999999882,1364.9000000000049,-760.9456241320881,1.9653143633582262,1,MACHINE
195,C059447,C061176/C059399/C059441,AISI316_SAC,7.9,276.2536134655518,2.1824035463778593,531.0000000000172,1364.9000000000049,-760.9456241320916,1.9653143633582262,1,MACHINE
196,C059447,C061176/C059399/C059441,AISI316_SAC,7.9,276.2536134655518,2.1824035463778593,-760.9456241320764,1364.8999999999994,-420.00000000000716,1.9653143633582262,1,MACHINE
197,C059447,C061176/C059399/C059441,AISI316_SAC,7.9,276.2536134655518,2.1824035463778593,-760.9456241320747,1364.9000000000017,420.00000000000335,1.9653143633582262,1,MACHINE
198,C040905,C061176/C059399/C059441,AISI316_SAC,7.9,29.008206278862477,0.22916482960301357,673.9799829026135,1874.3510060784988,793.0756491545394,2.78784914916916,1,MACHINE
199,C040906,C061176/C059399/C059441,AISI316_SAC,7.9,29.498657222459066,0.23303939205742663,673.6694088023032,1874.0689312523818,-793.5588772997834,2.79008685924764,1,MACHINE
200,C059448,C061176/C059399/C059441,AISI316_SAC,7.9,216.94438615641695,1.713860650635694,705.2314526788896,1349.900000000003,733.523740754442,2.8596797436819212,1,MACHINE
201,C059448,C061176/C059399/C059441,AISI316_SAC,7.9,216.94438615641695,1.713860650635694,705.2314526788896,1349.900000000003,-733.5237407544358,2.8596797436819212,1,MACHINE
202,C000576_Varsayılan,C061176/C059399/C059441,AISI316_SAC,7.9,8.925778706485579,0.07051365178123607,561.90539087592,1947.4912824144876,379.38455806410826,1.4170100441855666,1,MACHINE
203,C056992,C061176/C059399/C059441/C056995,AISI316_SAC,7.9,347.8656134335255,2.7481383461248514,-110.00001897436627,1441.4619643621008,-851.3506929270461,2.8758181539611587,1,MACHINE
204,C056993,C061176/C059399/C059441/C056995,AISI316_SAC,7.9,133.24593511320037,1.052642887394283,552.5624372904804,928.5948384121577,-1006.8889652697441,2.84083730662401,1,MACHINE
205,C056994,C061176/C059399/C059441/C056995,AISI316_SAC,7.9,133.24462898846969,1.0526325690089107,-122.56264064361925,928.5948881288733,-1006.890180299507,2.84084351937151,1,MACHINE
206,C056992,C061176/C059399/C059441/C056995,AISI316_SAC,7.9,347.8656134335255,2.7481383461248514,539.9999810256338,1441.461964362101,-851.3506929270559,2.8758181539611587,1,MACHINE
207,C056996,C061176/C059399/C059441/C056995,(hacimsiz/hatalı),0.0,0.0,0.0,,,,0.0,0,EXCLUDED_NOVOL
208,C056997,C061176/C059399/C059441/C056995,AISI316_SAC,7.9,146.2238517335649,1.155168428695163,215.00062799382653,1653.3999983158283,-877.0929135215852,2.874427380779667,1,MACHINE
209,C059451,C061176/C059399/C059441,AISI316_SAC,7.9,44.47552719687071,0.3513566648552786,-588.9999999999978,1931.400000000017,587.9999999999861,3.693210721972217,1,MACHINE
210,C000368_Varsayılan,C061176/C059399,MOTOR_FAN,6.0,4017.500511924917,24.1050030715495,462.99421123475764,2176.640552260344,547.6779844690689,11.508331948326724,5,MACHINE
211,C008358,C061176/C059399/C008361,AISI316_SAC,7.9,37.59084178969337,0.2969676501385777,515.7880573830297,2056.400000000009,391.2165798611076,1.8976405786354793,1,MACHINE
212,C000729,C061176/C059399/C008361,AISI316_SAC,7.9,254.0404081011658,2.00691922399921,515.79025740481,2092.4933642841984,312.4929149153416,5.311070718841014,1,MACHINE
213,C008362,C061176/C059399/C008361,AISI316_SAC,7.9,9.371763584740044,0.07403693231944634,515.7880573830287,2169.9500000000094,275.91657986110766,1.3874999999999988,1,MACHINE
214,C008363,C061176/C059399/C008361,AISI316_SAC,7.9,60.0526023442999,0.47441555851996925,515.7880573830287,2220.7000000000094,275.8843521629343,1.4723973855037686,1,MACHINE
215,C059453_Varsayılan,C061176/C059399,AISI316_SAC,7.9,729.2999999999997,5.761469999999998,730.0000000000168,1364.900000000001,733.7692307692396,6.156508526084752,1,MACHINE
216,C059453_Varsayılan,C061176/C059399,AISI316_SAC,7.9,729.2999999999997,5.761469999999998,729.9999999999952,1364.8999999999833,-733.7692307692598,6.156508526084752,1,MACHINE
217,C059436,C061176/C059399/C059435_Varsayılan,AISI316_SAC,7.9,3818.7918350632817,30.168455496999925,738.480894196317,2317.1770628858526,-8.071548557904586e-09,1.9939032000927697,1,MACHINE
218,C059439_Varsayılan,C061176/C059399/C059435_Varsayılan,AISI316_SAC,7.9,121.59919177337464,0.9606336150096597,713.2866356248904,2900.815196156109,9.29041813580107e-12,1.9051725823741816,1,MACHINE
219,C059437_Varsayılan,C061176/C059399/C059435_Varsayılan,AISI316_SAC,7.9,304.42831491339564,2.4049836878158257,751.6179460843869,2598.114416480529,8.801487927716776e-12,1.96631301382119,1,MACHINE
220,C059437_Varsayılan,C061176/C059399/C059435_Varsayılan,AISI316_SAC,7.9,304.42831491339564,2.4049836878158257,751.6179460843899,2036.1144164805291,8.895961770610772e-12,1.96631301382119,1,MACHINE
221,C059438_Default<Makinelenmiş Olarak>,C061176/C059399/C059435_Varsayılan,AISI316_SAC,7.9,274.9656940475914,2.1722289829759722,729.0000000000081,2902.114416480529,8.981260180007666e-12,1.9974763406940055,1,MACHINE
222,C059440_Varsayılan,C061176/C059399/C059435_Varsayılan,AISI316_SAC,7.9,2489.7608200839845,19.66911047866348,759.266294157292,2374.6144164805287,9.24602723354984e-12,1.4965331300072273,1,MACHINE
223,C011095_Varsayılan<As Machined>,C061176/C059399/C059435_Varsayılan,AISI316_SAC,7.9,50.55929818026489,0.3994184556240926,729.0000000000081,2902.114416480529,761.0758994709906,8.995599586417793,1,MACHINE
224,C011095_Varsayılan<As Machined>,C061176/C059399/C059435_Varsayılan,AISI316_SAC,7.9,50.55929818026489,0.3994184556240926,729.0000000000954,2902.1144164805287,-761.0758994709747,8.995599586417793,1,MACHINE
225,C036053,C061176/C059399/C059435_Varsayılan,AISI316_SAC,7.9,31.801929189893205,0.25123524060015634,675.5198630325394,2910.4428806601104,300.00000000000887,3.6748945574946092,1,MACHINE
226,C036053,C061176/C059399/C059435_Varsayılan,AISI316_SAC,7.9,31.801929189893205,0.25123524060015634,675.5198630325397,2910.4428806601104,-299.99999999999113,3.6748945574946092,1,MACHINE
227,C050021,C061176/C059399/C059404/C050020,AISI316_SAC,7.9,1598.2418524626069,12.626110634454594,729.0025056720475,1342.6257123612731,-817.2772788093329,6.468267391094749,1,MACHINE
228,C050022,C061176/C059399/C059404/C050020,AISI316_SAC,7.9,366.2070266586259,2.893035510603145,729.0010297353404,2273.0863561846286,-814.9996117386466,9.950444398458245,1,MACHINE
229,C011092,C061176/C059399/C059404,AISI316_SAC,7.9,29.09750503661727,0.22987028978927646,729.093450460139,2884.071648541072,-815.0000008954618,5.6738435190738485,1,MACHINE
230,C011117_Varsayılan,C061176/C059399/C059404,AISI316_SAC,7.9,69.04775433392045,0.5454772592379715,703.7113338070603,760.0443088016156,-815.0000016064834,8.903558947286857,1,MACHINE
231,C011084,C061176/C059399/C059404,AISI316_SAC,7.9,43.48154554211571,0.3435042097827142,729.0000008148165,785.2032021760682,-815.0000016059884,5.708207325736595,1,MACHINE
232,C011118,C061176/C059399/C059404,AISI316_SAC,7.9,12.168886588038456,0.09613420404550381,690.8450914395679,1869.4312764114886,-815.0000000000199,2.6322852908914127,1,MACHINE
233,C050021,C061176/C059399/C059404/C050020,AISI316_SAC,7.9,1598.2418524626069,12.626110634454594,729.0025056720632,1342.6257123612893,812.722721190699,6.468267391094749,1,MACHINE
234,C050022,C061176/C059399/C059404/C050020,AISI316_SAC,7.9,366.2070266586259,2.893035510603145,728.9989485754301,2273.0863558647734,814.999675204526,9.950444398458245,1,MACHINE
235,C011092,C061176/C059399/C059404,AISI316_SAC,7.9,29.09750503661727,0.22987028978927646,729.0934502464906,2884.071649018085,814.9999997952732,5.6738435190738485,1,MACHINE
236,C011117_Varsayılan,C061176/C059399/C059404,AISI316_SAC,7.9,69.04775433392045,0.5454772592379715,703.2039123297518,761.0954535962254,815.0000000000163,8.903558947286857,1,MACHINE
237,C011084,C061176/C059399/C059404,AISI316_SAC,7.9,43.48154554211571,0.3435042097827142,729.0000000000166,785.2032029672426,815.0000000000161,5.708207325736595,1,MACHINE
238,C011118,C061176/C059399/C059404,AISI316_SAC,7.9,12.168886588038456,0.09613420404550381,690.8450914395829,1869.4312764115032,815.0000000000148,2.6322852908914127,1,MACHINE
239,C008417_Varsayılan,C061176/C059399/C011546_Varsayılan,AISI316_SAC,7.9,301.82537731337476,2.3844204807756606,1.8911426833272024e-11,681.3982218188831,7.669133819872206e-14,9.420299397198592,1,MACHINE
240,C011552_Varsayılan<As Machined>,C061176/C059399/C011546_Varsayılan,AISI316_SAC,7.9,108.42672555592371,0.8565711318917973,6.031755932192166e-11,738.5860248358681,-4.247831895830001e-11,13.201733318647998,1,MACHINE
241,C008418_Varsayılan<As Machined>,C061176/C059399/C011546_Varsayılan,AISI316_SAC,7.9,9.307415913212884,0.0735285857143818,1.9132722555967416e-11,700.499999999997,-4.8709844909125064e-14,2.5258372985305426,1,MACHINE
242,C000903_Varsayılan,C061176/C059399/C011546_Varsayılan,AISI316_SAC,7.9,11.748468167325177,0.0928128985218689,1.9426621359852652e-11,731.4050055792172,-1.5403344462567887e-13,2.4724955226764878,1,MACHINE
243,C001122_Varsayılan,C061176/C059399/C011546_Varsayılan,AISI316_SAC,7.9,24.381700536086598,0.19261543423508415,1.9710652733225988e-11,717.4999999999973,9.339801988854947e-14,3.321156032558514,10,MACHINE
244,C001122_Varsayılan,C061176/C059399/C011546_Varsayılan,AISI316_SAC,7.9,24.381700536086598,0.19261543423508415,1.916593973252241e-11,683.4999999999973,-3.2614158091033176e-13,3.321156032558514,10,MACHINE
245,C000607,C061176/C059399/C011546_Varsayılan,AISI316_SAC,7.9,1.6443527910210123,0.012990387049065997,-1.7541642469518064,736.499999999997,4.127195002334364,1.3414266924256193,1,MACHINE
246,C059452_Varsayılan,C061176/C059399,AISI316_SAC,7.9,321.78971504256805,2.5421387488362877,382.1412976102846,615.6941844454993,-334.9999994542851,1.4838703503654138,1,MACHINE
247,C059483,C061176/C059399/C059484,AISI316_SAC,7.9,640.8442860223819,5.0626698595768165,-1.0035291180150547e-06,1389.7014660540585,725.9479730496806,1.959765294390823,1,MACHINE
248,C059486,C061176/C059399/C059484,AISI316_SAC,7.9,96.23692116575084,0.7602716772094317,-387.0298988500181,1424.4038262849062,742.7122722847694,1.9382626744796922,1,MACHINE
249,C059487,C061176/C059399/C059484,AISI316_SAC,7.9,98.996361476511,0.7820712556644369,387.8616998186443,1423.5582753770964,742.9432443484059,1.9397759515937372,1,MACHINE
250,C047186,C061176/C059399/C047189,AISI316_SAC,7.9,125.06967742010843,0.9880504516188566,-222.4999999999782,1226.835754485673,684.6004271437279,2.869723199961478,1,MACHINE
251,C047187,C061176/C059399/C047189,AISI316_SAC,7.9,48.758695986754645,0.38519369829536176,-222.49999999997814,1228.2106805774117,723.0758811221148,1.8872803069179471,1,MACHINE
252,C047186,C061176/C059399/C047189,AISI316_SAC,7.9,125.06967742010843,0.9880504516188566,222.50000000002177,1226.835754485673,684.6004271437283,2.869723199961478,1,MACHINE
253,C047187,C061176/C059399/C047189,AISI316_SAC,7.9,48.758695986754645,0.38519369829536176,222.5000000000218,1228.2106805774122,723.075881122115,1.8872803069179471,1,MACHINE
254,C059488,C061176/C059399,AISI316_SAC,7.9,892.4449062104893,7.050314759062866,2.1578825111753385e-11,1522.9088263095869,709.2826617003079,4.881320480190172,1,MACHINE
255,C059489,C061176/C059399,AISI316_SAC,7.9,611.3822750273964,4.829919972716432,2.216203217990717e-11,1522.879574730711,708.4450060787127,5.11076466444206,1,MACHINE
256,C031967,C061176/C031969,AISI316_SAC,7.9,26.861888248183583,0.21220891716065032,542.665901825236,610.6936776396451,203.38409817478345,1.428341738841822,1,MACHINE
257,C031966,C061176/C031969,AISI316_SAC,7.9,25.27185993832253,0.19964769351274803,542.483713432488,366.0243134161458,203.5662867050387,1.4302788404638433,1,MACHINE
258,C031968,C061176/C031969,AISI316_SAC,7.9,14.027073987497618,0.11081388450123118,484.26060609148453,488.1999999999896,261.7893939085349,1.4338959323400198,1,MACHINE
259,C031968,C061176/C031969,AISI316_SAC,7.9,14.027073987497618,0.11081388450123118,600.8393939085109,488.1999999999896,261.7893939085347,1.4338959323400198,1,MACHINE
260,C031968,C061176/C031969,AISI316_SAC,7.9,14.027073987497618,0.11081388450123118,600.8393939085101,488.1999999999896,145.21060609150842,1.4338959323400198,1,MACHINE
261,C031968,C061176/C031969,AISI316_SAC,7.9,14.027073987497618,0.11081388450123118,484.2606060914839,488.1999999999896,145.21060609150948,1.4338959323400198,1,MACHINE
262,C031970,C061176/C031969,AISI316_SAC,7.9,4.73357380409193,0.03739523305232625,542.5499999999977,631.0070040391935,203.50000000002188,2.947188034692842,1,MACHINE
263,C031971,C061176/C031969,AISI316_SAC,7.9,14.670497756999422,0.11589693228029545,542.4748340156494,488.19999999998936,203.57516598437118,1.391378708801387,1,MACHINE
264,C031967,C061176/C031969,AISI316_SAC,7.9,26.861888248183583,0.21220891716065032,542.6659018252361,610.693677639645,469.38409817478356,1.428341738841822,1,MACHINE
265,C031966,C061176/C031969,AISI316_SAC,7.9,25.27185993832253,0.19964769351274803,542.483713432488,366.0243134161457,469.5662867050388,1.4302788404638433,1,MACHINE
266,C031968,C061176/C031969,AISI316_SAC,7.9,14.027073987497618,0.11081388450123118,484.26060609148453,488.1999999999895,527.7893939085351,1.4338959323400198,1,MACHINE
267,C031968,C061176/C031969,AISI316_SAC,7.9,14.027073987497618,0.11081388450123118,600.8393939085109,488.1999999999895,527.7893939085349,1.4338959323400198,1,MACHINE
268,C031968,C061176/C031969,AISI316_SAC,7.9,14.027073987497618,0.11081388450123118,600.8393939085101,488.1999999999895,411.21060609150857,1.4338959323400198,1,MACHINE
269,C031968,C061176/C031969,AISI316_SAC,7.9,14.027073987497618,0.11081388450123118,484.2606060914839,488.1999999999895,411.2106060915096,1.4338959323400198,1,MACHINE
270,C031970,C061176/C031969,AISI316_SAC,7.9,4.73357380409193,0.03739523305232625,542.5499999999977,631.0070040391934,469.500000000022,2.947188034692842,1,MACHINE
271,C031971,C061176/C031969,AISI316_SAC,7.9,14.670497756999422,0.11589693228029545,542.4748340156494,488.19999999998925,469.5751659843713,1.391378708801387,1,MACHINE
272,C000515,C061176/C048023,CELIK,7.85,151.34001021165056,1.188019080161457,382.99999999999847,315.9999999999818,-626.40101528211,8.471378165848018,1,MACHINE
273,C000514_Varsayılan,C061176/C048023,AISI316_SAC,7.9,8.341014496379795,0.0658940145214004,382.9999999999985,315.99999999998215,-578.1999999999591,1.9351573187414506,1,MACHINE
274,C048028_İşlenmiş,C061176/C048023,AISI316_SAC,7.9,202.40866503565482,1.599028453781673,383.02315858591476,316.0225476683997,-497.44185644802707,5.019043451173153,4,MACHINE
275,C009010_Varsayılan,C061176/C006385_Varsayılan,AISI316_SAC,7.9,100.62156092231628,0.7949103312862986,346.87474324387915,324.73769581985914,32.10819345933864,0.9869241397607087,1,MACHINE
276,C009008_Varsayılan,C061176/C006385_Varsayılan,AISI316_SAC,7.9,6.336985081372324,0.05006218214284137,179.74999999999505,324.99999999998835,31.90000000005027,1.3750000000000018,1,MACHINE
277,C009009_Varsayılan,C061176/C006385_Varsayılan,AISI316_SAC,7.9,11.31444594190364,0.08938412294103877,516.2499999999949,324.9999999999893,31.90000000005019,1.4554455445544556,1,MACHINE
278,C009007_Varsayılan,C061176/C006385_Varsayılan,AISI316_SAC,7.9,22.328738885695596,0.17639703719699523,167.9042327894943,324.9999999999883,31.90000000005023,3.845108848628762,1,MACHINE
279,C000808,C061176,CELIK,7.85,377.51445242601187,2.963488451544193,77.22237112150533,343.00048824205027,47.84798692608882,8.387147472779127,5,MACHINE
280,C033081,C061176,POMPA,7.0,3210.0023297526473,22.470016308268534,-450.02158759899476,326.82841660503806,-169.5720568618003,7.619050870846348,7,MACHINE
281,C008055,C061176,CELIK,7.85,100.54893945497496,0.7893091747215534,-3.525333868809451,324.99779693957294,31.899397711585976,5.359469845891728,1,MACHINE
282,C008055,C061176,CELIK,7.85,100.54893945497496,0.7893091747215534,-367.474666131201,325.0020264987994,31.898946658155392,5.359469845891728,1,MACHINE
283,C059464,C061176/C059454,AISI316_SAC,7.9,135.21128896118998,1.068169182793401,-450.0000000000047,567.4816159056542,280.4990000000739,1.9941249908202983,1,MACHINE
284,C059459,C061176/C059454,AISI316_SAC,7.9,96.50124401811377,0.7623598277430987,-450.0000000000012,567.4816159056545,-377.3759999999267,1.9917780061664958,1,MACHINE
285,C000722,C061176/C059454,AISI316_SAC,7.9,18.74296322343724,0.1480694094651542,-450.0001717990767,555.5808910439818,-645.9944832650059,3.203971873230755,1,MACHINE
286,C059461,C061176/C059454,AISI316_SAC,7.9,94.40988578861905,0.7458380977300906,-174.89999999999964,491.28161590565463,-657.7259999999255,1.9915966386554627,1,MACHINE
287,C004479,C061176/C059454,AISI316_SAC,7.9,55.447027325811604,0.4380315158739117,-449.98012353193127,506.29839038261906,-96.99757266045351,3.4215104429347094,4,MACHINE
288,C000812,C061176/C059454,AISI316_SAC,7.9,8.901446500096146,0.07032142735075955,-450.00000000000244,469.73311457055235,-97.0259999999266,2.685869602334389,1,MACHINE
289,C000862,C061176/C059454,AISI316_SAC,7.9,20.950187600937646,0.16550648204740742,-449.997908443704,454.3685677257929,-97.02793503070079,5.0326397526817015,1,MACHINE
290,C000884,C061176/C059454,AISI316_SAC,7.9,29.86253786650033,0.2359140491453526,-450.00000000000273,561.7156076550414,-96.91995081421284,3.221232859601797,1,MACHINE
291,C000722,C061176/C059454,AISI316_SAC,7.9,18.74296322343724,0.1480694094651542,-438.0992751383269,503.0131326405754,-657.7258282008498,3.203971873230755,1,MACHINE
292,C000722,C061176/C059454,AISI316_SAC,7.9,18.74296322343724,0.1480694094651542,88.46848326507967,503.1823407673274,-657.7258282008471,3.203971873230755,1,MACHINE
293,C004479,C061176/C059454,AISI316_SAC,7.9,55.447027325811604,0.4380315158739117,100.21710090710883,550.2983633636973,-657.6958214216178,3.4215104429347094,4,MACHINE
294,C000812,C061176/C059454,AISI316_SAC,7.9,8.901446500096146,0.07032142735075955,100.2000000000004,589.0301172407567,-657.7259999999243,2.685869602334389,1,MACHINE
295,C000722,C061176/C059454,AISI316_SAC,7.9,18.74296322343724,0.1480694094651542,-449.99982820092964,555.5808910439814,646.2924832651529,3.203971873230755,1,MACHINE
296,C000722,C061176/C059454,AISI316_SAC,7.9,18.74296322343724,0.1480694094651542,-438.09927513833384,503.01313264057495,658.0241717991508,3.203971873230755,1,MACHINE
297,C059461,C061176/C059454,AISI316_SAC,7.9,94.40988578861905,0.7458380977300906,-174.90000000000666,491.2816159056541,658.0240000000754,1.9915966386554627,1,MACHINE
298,C000722,C061176/C059454,AISI316_SAC,7.9,18.74296322343724,0.1480694094651542,88.46848326507286,503.1823407673269,658.0241717991534,3.203971873230755,1,MACHINE
299,C004479,C061176/C059454,AISI316_SAC,7.9,55.447027325811604,0.4380315158739117,100.21480291776626,550.2983633636967,658.0553697504411,3.4215104429347094,4,MACHINE
300,C000812,C061176/C059454,AISI316_SAC,7.9,8.901446500096146,0.07032142735075955,100.19999999999342,589.0301172407561,658.0240000000763,2.685869602334389,1,MACHINE
301,C000735,C061176,CELIK,7.85,248.7065312665746,1.9523462704426104,-435.0603527574714,324.9998726388439,15.637686787137376,8.202607164760117,1,MACHINE
302,C000808,C061176,CELIK,7.85,377.51445242601187,2.963488451544193,388.0520130739505,151.89979591233939,-816.9909205755828,8.387147472779127,5,MACHINE
303,C011082_Varsayılan,C061176/C011077_Varsayılan,AISI316_SAC,7.9,252.23165166467885,1.992630048150963,9.110428032064532e-12,728.4000000000032,-784.3865272297951,7.729124341578971,1,MACHINE
304,C011984,C061176/C011077_Varsayılan,AISI316_SAC,7.9,194.5703569470608,1.5371058198817802,-0.13122390858915073,728.4565634460163,-733.6133080091364,12.300855042965244,1,MACHINE
305,C011535_Varsayılan,C061176/C011077_Varsayılan,AISI316_SAC,7.9,3.5064980650822095,0.027701334714149456,8.801466268691704e-12,728.4000000000024,-904.4112313230871,3.2893581518763018,1,MACHINE
306,C002916_M6x20 GALV.IMBUS CİVATA,C061176/C011077_Varsayılan,GALV_CELIK,7.85,0.9729719031494751,0.00763782943972338,8.801525098983624e-12,728.4000000000023,-902.3461743405599,2.513988866480435,1,MACHINE
307,C011178_ISO - Spur gear 6M 14T 20PA 50FW ---S14A75H50L25.0R1,C061176/C011077_Varsayılan,CELIK,7.85,236.53331823926632,1.8567865481782406,-0.07665692929794674,728.4330427698926,-595.999999999962,11.671551652820405,1,MACHINE
308,C011535_Varsayılan,C061176/C011077_Varsayılan,AISI316_SAC,7.9,3.5064980650822095,0.027701334714149456,9.00661933806729e-12,728.4000000000045,-570.5887686768368,3.2893581518763018,1,MACHINE
309,C002053_M8x25 INOX MBUS CİVATA,C061176/C011077_Varsayılan,A4_INOX,7.9,2.1937877202043086,0.01733092298961404,9.542712967654234e-12,728.4000000000041,-573.5651583043526,3.3656157064272865,1,MACHINE
310,C001121_Varsayılan,C061176/C011077_Varsayılan,AISI316_SAC,7.9,14.212060513640223,0.11227527805775776,5.253237135226843e-08,728.4000000558916,-773.500000004253,2.5766064128466435,3,MACHINE
311,C001111_Varsayılan,C061176/C011077_Varsayılan,AISI316_SAC,7.9,3.737456207006785,0.0295259040353536,9.55914975256665e-12,728.400000000004,-757.1705192250145,1.9314811970494992,1,MACHINE
312,C001111_Varsayılan,C061176/C011077_Varsayılan,AISI316_SAC,7.9,3.737456207006785,0.0295259040353536,8.989227310845678e-12,728.4000000000034,-750.1705192250145,1.9314811970494992,1,MACHINE
313,C011080_Varsayılan,C061176/C011077_Varsayılan/C020275,AISI316_SAC,7.9,161.22653498222812,1.2736896263596023,9.09416052979602e-12,728.4000000000035,-743.999999999962,6.883970489604293,1,MACHINE
314,C020274,C061176/C011077_Varsayılan/C020275,AISI316_SAC,7.9,32.04974285375968,0.2531929685447015,9.087395335819281e-12,728.4000000000035,-751.869323890471,5.936427116671516,1,MACHINE
315,C011081_TALAŞLI,C061176/C011077_Varsayılan,AISI316_SAC,7.9,158.4116679646118,1.2514521769204334,8.977098238137968e-12,728.4000000000035,-753.999999999962,6.852017937219731,1,MACHINE
316,C001121_Varsayılan,C061176/C011077_Varsayılan,AISI316_SAC,7.9,14.212060513640223,0.11227527805775776,5.492003124943293e-08,728.4000000535477,-760.500000004253,2.5766064128466435,3,MACHINE
317,C010686_Varsayılan,C061176/C058280_CLOSED/C010712,AISI316_SAC,7.9,91.97077943231075,0.7265691575152549,-313.5000000000025,921.6999999999931,-419.68209733775956,6.841841756645218,1,MACHINE
318,C009784_Varsayılan,C061176/C058280_CLOSED/C010712,AISI316_SAC,7.9,8.475163341511756,0.06695379039794289,-313.50000000000233,921.6999999999931,-420.9999999999951,2.353033671806881,10,MACHINE
319,C009785_Varsayılan,C061176/C058280_CLOSED/C010712,AISI316_SAC,7.9,4.11069321882259,0.03247447642869846,-313.50000000000256,921.699999999993,-410.64404172436195,1.8725757587814698,1,MACHINE
320,C009785_Varsayılan,C061176/C058280_CLOSED/C010712,AISI316_SAC,7.9,4.11069321882259,0.03247447642869846,-313.50000000000244,921.6999999999931,-431.35595827562827,1.8725757587814698,1,MACHINE
321,C010711,C061176/C058280_CLOSED/C010712,AISI316_SAC,7.9,0.7993037750910487,0.006314499823219285,-313.50000000000244,922.0010687418796,-435.9999999999951,1.143101159247178,1,MACHINE
322,C010688,C061176/C058280_CLOSED/C010712,AISI316_SAC,7.9,9.248848772168369,0.07306590530013012,-313.5000000000025,921.699999999993,-420.9999999999951,3.6800000000000104,1,MACHINE
323,C010686_Varsayılan,C061176/C058280_CLOSED/C010712,AISI316_SAC,7.9,91.97077943231075,0.7265691575152549,313.5000000000005,921.6999999999941,-419.68209733775916,6.841841756645218,1,MACHINE
324,C009784_Varsayılan,C061176/C058280_CLOSED/C010712,AISI316_SAC,7.9,8.475163341511756,0.06695379039794289,313.5000000000007,921.6999999999941,-420.9999999999947,2.353033671806881,10,MACHINE
325,C009785_Varsayılan,C061176/C058280_CLOSED/C010712,AISI316_SAC,7.9,4.11069321882259,0.03247447642869846,313.50000000000045,921.699999999994,-410.64404172436156,1.8725757587814698,1,MACHINE
326,C009785_Varsayılan,C061176/C058280_CLOSED/C010712,AISI316_SAC,7.9,4.11069321882259,0.03247447642869846,313.50000000000057,921.6999999999941,-431.35595827562787,1.8725757587814698,1,MACHINE
327,C010711,C061176/C058280_CLOSED/C010712,AISI316_SAC,7.9,0.7993037750910487,0.006314499823219285,313.50000000000057,922.0010687418807,-435.9999999999947,1.143101159247178,1,MACHINE
328,C010688,C061176/C058280_CLOSED/C010712,AISI316_SAC,7.9,9.248848772168369,0.07306590530013012,313.5000000000005,921.699999999994,-420.9999999999947,3.6800000000000104,1,MACHINE
329,C010686_Varsayılan,C061176/C058280_CLOSED/C010712,AISI316_SAC,7.9,91.97077943231075,0.7265691575152549,313.4999999999972,921.6999999999965,422.3179026622384,6.841841756645218,1,MACHINE
330,C009784_Varsayılan,C061176/C058280_CLOSED/C010712,AISI316_SAC,7.9,8.475163341511756,0.06695379039794289,313.4999999999971,921.6999999999965,421.00000000000284,2.353033671806881,10,MACHINE
331,C009785_Varsayılan,C061176/C058280_CLOSED/C010712,AISI316_SAC,7.9,4.11069321882259,0.03247447642869846,313.4999999999972,921.6999999999966,431.355958275636,1.8725757587814698,1,MACHINE
332,C009785_Varsayılan,C061176/C058280_CLOSED/C010712,AISI316_SAC,7.9,4.11069321882259,0.03247447642869846,313.4999999999972,921.6999999999965,410.6440417243697,1.8725757587814698,1,MACHINE
333,C010711,C061176/C058280_CLOSED/C010712,AISI316_SAC,7.9,0.7993037750910487,0.006314499823219285,313.4999999999972,921.39893125811,406.00000000000284,1.143101159247178,1,MACHINE
334,C010688,C061176/C058280_CLOSED/C010712,AISI316_SAC,7.9,9.248848772168369,0.07306590530013012,313.4999999999972,921.6999999999966,421.00000000000284,3.6800000000000104,1,MACHINE
335,C010686_Varsayılan,C061176/C058280_CLOSED/C010712,AISI316_SAC,7.9,91.97077943231075,0.7265691575152549,-313.5000000000055,921.6999999999962,422.31790266224334,6.841841756645218,1,MACHINE
336,C009784_Varsayılan,C061176/C058280_CLOSED/C010712,AISI316_SAC,7.9,8.475163341511756,0.06695379039794289,-313.5000000000054,921.6999999999962,421.0000000000078,2.353033671806881,10,MACHINE
337,C009785_Varsayılan,C061176/C058280_CLOSED/C010712,AISI316_SAC,7.9,4.11069321882259,0.03247447642869846,-313.5000000000055,921.6999999999961,431.35595827564094,1.8725757587814698,1,MACHINE
338,C009785_Varsayılan,C061176/C058280_CLOSED/C010712,AISI316_SAC,7.9,4.11069321882259,0.03247447642869846,-313.5000000000055,921.6999999999962,410.64404172437463,1.8725757587814698,1,MACHINE
339,C010711,C061176/C058280_CLOSED/C010712,AISI316_SAC,7.9,0.7993037750910487,0.006314499823219285,-313.5000000000055,922.0010687418827,406.0000000000078,1.143101159247178,1,MACHINE
340,C010688,C061176/C058280_CLOSED/C010712,AISI316_SAC,7.9,9.248848772168369,0.07306590530013012,-313.5000000000055,921.6999999999961,421.0000000000078,3.6800000000000104,1,MACHINE
341,C002654_M12x90 GALV.ANAH.BAŞLI CİVATA,C061176/C058280_CLOSED,GALV_CELIK,7.85,12.344514951865916,0.09690444237214745,-313.49999995020283,921.699999778154,-424.98860137432797,5.533010186930569,1,MACHINE
342,C002654_M12x90 GALV.ANAH.BAŞLI CİVATA,C061176/C058280_CLOSED,GALV_CELIK,7.85,12.344514951865916,0.09690444237214745,313.50000022182434,921.7000000497804,-424.98860137432445,5.533010186930569,1,MACHINE
343,C002654_M12x90 GALV.ANAH.BAŞLI CİVATA,C061176/C058280_CLOSED,GALV_CELIK,7.85,12.344514951865916,0.09690444237214745,313.499999778172,921.7000000497943,424.98860137433195,5.533010186930569,1,MACHINE
344,C002654_M12x90 GALV.ANAH.BAŞLI CİVATA,C061176/C058280_CLOSED,GALV_CELIK,7.85,12.344514951865916,0.09690444237214745,-313.50000015403975,921.6999998327839,424.9886013743368,5.533010186930569,1,MACHINE
345,C003060_M12 GALV.FİBERLİ SOMUN,C061176/C058280_CLOSED,GALV_CELIK,7.85,2.314246290795951,0.018166833382748215,-313.500000000001,921.6999999999913,459.3353733011379,2.8479953560961655,1,MACHINE
346,C003060_M12 GALV.FİBERLİ SOMUN,C061176/C058280_CLOSED,GALV_CELIK,7.85,2.314246290795951,0.018166833382748215,313.4999999999971,921.6999999999792,459.33537330113273,2.8479953560961655,1,MACHINE
347,C003060_M12 GALV.FİBERLİ SOMUN,C061176/C058280_CLOSED,GALV_CELIK,7.85,2.314246290795951,0.018166833382748215,313.4999999999993,921.6999999999827,-459.3353733011255,2.8479953560961655,1,MACHINE
348,C003060_M12 GALV.FİBERLİ SOMUN,C061176/C058280_CLOSED,GALV_CELIK,7.85,2.314246290795951,0.018166833382748215,-313.50000000000233,921.6999999999794,-459.33537330112773,2.8479953560961655,1,MACHINE
349,C058289,C061176/C058280_CLOSED/C058285,AISI316_SAC,7.9,1585.166988064349,12.522819205708357,0.0031228045376889015,804.8964565930902,1.5614348167281875e-07,4.370432164153327,25,MACHINE
350,C058287,C061176/C058280_CLOSED/C058285,AISI316_SAC,7.9,390.6624245086481,3.0862331536183203,-5.4817375845580834e-05,781.6999999999915,0.09318950319130669,4.161119039447495,1,MACHINE
351,C008435,C061176/C058280_CLOSED/C058285,AISI316_SAC,7.9,122.43190828269017,0.9672120754332524,-2.0346602048977064e-12,803.6331423754789,2.782110668220781e-12,12.842276473133028,1,MACHINE
352,C000525_Varsayılan<As Machined>,C061176/C058280_CLOSED/C058285/C000523_Varsayılan,AISI316_SAC,7.9,27.30044015969547,0.21567347726159422,-2.3042884550807497e-12,754.1999999999915,2.489838987503046e-12,1.9230769230769342,1,MACHINE
353,C000524_Varsayılan,C061176/C058280_CLOSED/C058285/C000523_Varsayılan,AISI316_SAC,7.9,7.068583470577037,0.05584180941755859,-2.292955120507361e-12,780.1999999999915,2.4508356243074446e-12,1.7647058823529411,1,MACHINE
354,C058286,C061176/C058280_CLOSED/C058285,AISI316_SAC,7.9,161.54017401406188,1.2761673747110889,-33.11827956989424,878.8505376343876,-420.9999999999942,1.9914346895074935,2,MACHINE
355,C058286,C061176/C058280_CLOSED/C058285,AISI316_SAC,7.9,161.54017401406188,1.2761673747110889,-33.11827956989555,878.850537634385,421.0000000000059,1.9914346895074935,2,MACHINE
356,C058290,C061176/C058280_CLOSED/C058285,AISI316_SAC,7.9,807.3147067158744,6.377786183055409,-0.13896290620050422,802.3512284823832,-2.0719069136873713,4.255747032421782,1,MACHINE
357,C058291,C061176/C058280_CLOSED/C058285,AISI316_SAC,7.9,181.64424506661564,1.4349895360262634,-2.1032064978498966e-12,844.1999999999765,421.00000000000585,1.9953051643192472,1,MACHINE
358,C058291,C061176/C058280_CLOSED/C058285,AISI316_SAC,7.9,181.64424506661564,1.4349895360262634,-2.2168933355715126e-12,844.1999999999765,-420.9999999999943,1.9953051643192472,1,MACHINE
359,C058292,C061176/C058280_CLOSED/C058285,AISI316_SAC,7.9,60.47565858160352,0.4777577027946678,39.99999999999761,894.1999999999748,421.0000000000064,4.967741935483871,1,MACHINE
360,C058292,C061176/C058280_CLOSED/C058285,AISI316_SAC,7.9,60.47565858160352,0.4777577027946678,39.999999999997556,894.1999999999749,-421.0000000000014,4.967741935483871,1,MACHINE
361,C058283,C061176/C058280_CLOSED/C058281,AISI316_SAC,7.9,2028.793035273557,16.0274649786611,0.07025477600539716,993.7006194012924,-1.5716287310570034e-11,4.420248127325547,12,MACHINE
362,C058284,C061176/C058280_CLOSED/C058281,AISI316_SAC,7.9,439.5515728038857,3.4724574251506968,0.28349760195134,1039.3087188721447,0.0031181825290155433,3.967353362366376,17,MACHINE
363,C058282,C061176/C058280_CLOSED/C058281,AISI316_SAC,7.9,992.102047218164,7.837606173023496,0.020546856384532356,1018.7002346228526,-0.13205346562765027,2.4943435057685566,54,MACHINE
364,C010781_Kaynak<As Machined>,C061176/C058280_CLOSED/C058281,AISI316_SAC,7.9,79.73805328941525,0.6299306209863805,313.5000000000006,941.9412766980936,-420.9999999999953,6.873498181883597,3,MACHINE
365,C010781_Kaynak<As Machined>,C061176/C058280_CLOSED/C058281,AISI316_SAC,7.9,79.73805328941525,0.6299306209863805,-313.5000000000025,941.9412766980934,-420.9999999999974,6.873498181883597,3,MACHINE
366,C010781_Kaynak<As Machined>,C061176/C058280_CLOSED/C058281,AISI316_SAC,7.9,79.73805328941525,0.6299306209863805,-313.50000000000097,941.9412766981051,421.0000000000077,6.873498181883597,3,MACHINE
367,C010781_Kaynak<As Machined>,C061176/C058280_CLOSED/C058281,AISI316_SAC,7.9,79.73805328941525,0.6299306209863805,313.49999999999756,941.9412766980931,421.00000000000244,6.873498181883597,3,MACHINE
368,C025877,C061176/C058280_CLOSED/C025883,AISI316_SAC,7.9,18.17210839702192,0.14355965633647316,570.6538918059938,926.9275078104906,50.00000024131202,1.9468383426324434,2,MACHINE
369,C025880,C061176/C058280_CLOSED/C025883/C025881,AISI316_SAC,7.9,5.7152948391239695,0.04515082922907936,570.6542885887695,1018.7154751517554,30.752603468600036,2.9132250855567134,2,MACHINE
370,C002032_M6x25  INOX IMBUS CİVATA,C061176/C058280_CLOSED/C025883/C025881,A4_INOX,7.9,1.1143435725610156,0.008803314223232023,570.6538914263826,978.9232330024557,48.917888127447334,2.5667422719566293,1,MACHINE
371,C025879,C061176/C058280_CLOSED/C025883,AISI316_SAC,7.9,40.1671474878584,0.31732046515408135,570.708553052172,894.0333225341881,49.99882958457228,5.076182043790583,2,MACHINE
372,C025882,C061176/C058280_CLOSED/C025883,AISI316_SAC,7.9,1.2828110394798928,0.010134207211891153,570.6355248278963,913.7010151471428,50.01822360327572,0.7503740489739756,1,MACHINE
373,C002424_M6 INOX FİBERLİ SOMUN,C061176/C058280_CLOSED/C025883,A4_INOX,7.9,0.3307179062090943,0.002612671459051845,570.6538914263826,978.9232330024557,63.8835785277674,1.536360080634419,1,MACHINE
374,C031967,C061176/C031969,AISI316_SAC,7.9,26.861888248183583,0.21220891716065032,542.665901825236,610.693677639645,-469.61590182526044,1.428341738841822,1,MACHINE
375,C031966,C061176/C031969,AISI316_SAC,7.9,25.27185993832253,0.19964769351274803,542.483713432488,366.0243134161457,-469.4337132950052,1.4302788404638433,1,MACHINE
376,C031968,C061176/C031969,AISI316_SAC,7.9,14.027073987497618,0.11081388450123118,484.26060609148453,488.1999999999895,-411.21060609150896,1.4338959323400198,1,MACHINE
377,C031968,C061176/C031969,AISI316_SAC,7.9,14.027073987497618,0.11081388450123118,600.8393939085109,488.1999999999894,-411.2106060915092,1.4338959323400198,1,MACHINE
378,C031968,C061176/C031969,AISI316_SAC,7.9,14.027073987497618,0.11081388450123118,600.8393939085101,488.1999999999895,-527.7893939085354,1.4338959323400198,1,MACHINE
379,C031968,C061176/C031969,AISI316_SAC,7.9,14.027073987497618,0.11081388450123118,484.2606060914839,488.1999999999895,-527.7893939085345,1.4338959323400198,1,MACHINE
380,C031970,C061176/C031969,AISI316_SAC,7.9,4.73357380409193,0.03739523305232625,542.5499999999977,631.0070040391934,-469.500000000022,2.947188034692842,1,MACHINE
381,C031971,C061176/C031969,AISI316_SAC,7.9,14.670497756999422,0.11589693228029545,542.4748340156495,488.19999999998925,-469.4248340156727,1.391378708801387,1,MACHINE
382,C031967,C061176/C031969,AISI316_SAC,7.9,26.861888248183583,0.21220891716065032,542.6659018252361,610.6936776396451,-203.61590182526032,1.428341738841822,1,MACHINE
383,C031966,C061176/C031969,AISI316_SAC,7.9,25.27185993832253,0.19964769351274803,542.483713432488,366.0243134161458,-203.43371329500505,1.4302788404638433,1,MACHINE
384,C031968,C061176/C031969,AISI316_SAC,7.9,14.027073987497618,0.11081388450123118,484.26060609148453,488.1999999999896,-145.21060609150885,1.4338959323400198,1,MACHINE
385,C031968,C061176/C031969,AISI316_SAC,7.9,14.027073987497618,0.11081388450123118,600.8393939085109,488.1999999999896,-145.21060609150905,1.4338959323400198,1,MACHINE
386,C031968,C061176/C031969,AISI316_SAC,7.9,14.027073987497618,0.11081388450123118,600.8393939085101,488.1999999999896,-261.7893939085354,1.4338959323400198,1,MACHINE
387,C031968,C061176/C031969,AISI316_SAC,7.9,14.027073987497618,0.11081388450123118,484.2606060914839,488.1999999999896,-261.7893939085343,1.4338959323400198,1,MACHINE
388,C031970,C061176/C031969,AISI316_SAC,7.9,4.73357380409193,0.03739523305232625,542.5499999999977,631.0070040391935,-203.50000000002188,2.947188034692842,1,MACHINE
389,C031971,C061176/C031969,AISI316_SAC,7.9,14.670497756999422,0.11589693228029545,542.4748340156495,488.19999999998936,-203.42483401567267,1.391378708801387,1,MACHINE
390,C001578_Varsayılan,C061176,MOTOR_FAN,6.0,1057.0856948805706,6.342514169283424,13.453792136363745,727.7517912439005,-854.966669915311,10.604853926403704,2,MACHINE
391,C008436,C061176,HORTUM,1.0,2990.584331613464,2.9905843316134644,50.04075970833192,556.1244470366877,-861.8438290859083,27.294058170435328,0,MACHINE
392,C011007_Varsayılan,C061176/C011005_Varsayılan,AISI316_SAC,7.9,355.9273014889688,2.8118256817628535,22.49999998977301,638.4041952303716,-884.4941005121658,1.4892872157326427,1,MACHINE
393,C011006_Varsayılan,C061176/C011005_Varsayılan,AISI316_SAC,7.9,115.4764484161684,0.9122639424877304,22.499998294716256,831.236004939144,-864.1637200017401,1.481541126149066,1,MACHINE
394,C049431,C061176/C011005_Varsayılan,AISI316_SAC,7.9,4.455955682586934,0.03520204989243678,22.500000000001727,828.5980486797371,-757.4997271523453,1.8132153029956042,1,MACHINE
395,C052759,C061176/C052763,AISI316_SAC,7.9,52.041951001280495,0.41113141291011596,-1.6337354020494533e-11,878.4000000000008,-796.9330458829617,2.9483527778519387,1,MACHINE
396,C052760,C061176/C052763,AISI316_SAC,7.9,26.83567672742344,0.2120018461466452,-1.7151753550858865e-11,878.4000000000001,-888.7812157135731,6.3843067864729806,1,MACHINE
397,C052761,C061176/C052763,AISI316_SAC,7.9,25.96624115373918,0.20513330511453953,-1.6307994600727724e-11,878.4000000000008,-787.7714961273465,6.099079446116304,1,MACHINE
398,C052761,C061176/C052763,AISI316_SAC,7.9,25.96624115373918,0.20513330511453953,-1.584517037740848e-11,878.400000000001,-738.228503872679,6.099079446116304,1,MACHINE
399,C052762,C061176/C052763,AISI316_SAC,7.9,7.952426875896514,0.06282417231958247,-1.5560790479879468e-11,878.4000000000013,-709.4381842630054,2.9872581179169124,1,MACHINE
400,C052764,C061176/C052763,AISI316_SAC,7.9,16.098561307473556,0.1271786343290411,4.587796341826952e-05,878.399930317804,-853.422613095262,5.080336165947003,3,MACHINE
401,C059479,C061176/C059476,AISI316_SAC,7.9,29.454001923731123,0.23268661519747588,-588.9999999999808,1925.9000000000094,587.9999999999964,3.2431357288018345,1,MACHINE
402,C059481,C061176/C059476,AISI316_SAC,7.9,3.6630970340856894,0.028938466569276948,-588.9999999999808,1922.9000000000094,587.9999999999962,1.6666666666666625,1,MACHINE
403,C059480,C061176/C059476,AISI316_SAC,7.9,181.5561989186587,1.434293971457404,-234.05179722899493,1836.0224740508474,167.42790098966978,1.9658363131059304,1,MACHINE
404,C059478,C061176/C059476,AISI316_SAC,7.9,3.914094742269861,0.0309213484639319,-450.90047471386333,1824.0430280764606,412.2707448494975,1.9999192193680464,1,MACHINE
405,C059482,C061176/C059476,AISI316_SAC,7.9,12.396394906962303,0.09793151976500221,-47.4150607906653,1836.946012956597,-101.15745923674653,2.7536428885886806,1,MACHINE
406,C000726_Varsayılan,C061176/C059476,AISI316_SAC,7.9,43.15484524376328,0.34092327742573,-574.3911471898037,1866.5429386437877,569.4104877071993,1.9666137284233665,1,MACHINE
407,C059477,C061176/C059476,AISI316_SAC,7.9,54.94645551128536,0.4340769985391543,-496.3157548415126,1842.9000000000094,470.06090258355397,1.9736842105263113,1,MACHINE
408,C059480,C061176/C059476,AISI316_SAC,7.9,181.5561989186587,1.434293971457404,-264.2637382755337,1836.0224740508474,143.6853846230812,1.9658363131059304,1,MACHINE
409,C000640_Varsayılan,C061176,AISI316_SAC,7.9,10.76119386095654,0.08501343150155667,180.09492076054696,453.46686563664815,-417.0988885128463,1.5699905655469064,6,MACHINE
410,C058320_Default<As Machined>,C061176/C058318,AISI316_SAC,7.9,182.61436441890055,1.4426534789093144,11.566099438804045,1803.409514843923,327.9601945353655,2.9651944157894206,1,MACHINE
411,C008969,C061176/C058318,AISI316_SAC,7.9,37.741641330008704,0.2981589665070688,98.21312519081927,1796.29545434167,651.3312111689198,4.36515250915866,1,MACHINE
412,C002387,C061176/C058318,AISI316_SAC,7.9,50.286063838902784,0.39725990432733205,98.52460501750276,683.6005220176754,652.4938564071006,4.504762142039539,1,MACHINE
413,C002303,C061176/C058318,AISI316_SAC,7.9,16.12203075686691,0.12736404297924858,99.99853043934202,637.4999543870949,658.0004958801268,3.317131342370767,1,MACHINE
414,C008979_Varsayılan,C061176/C058318,AISI316_SAC,7.9,17.66551396404079,0.13955756031592226,-73.72517347187336,683.6000000000064,9.648826049286916,5.2892489003845915,1,MACHINE
415,C008979_Varsayılan,C061176/C058318,AISI316_SAC,7.9,17.66551396404079,0.13955756031592226,-71.2922744479059,1803.2000000000062,18.72852881640511,5.2892489003845915,1,MACHINE
416,C000619_Default<As Machined>,C061176/C058318,AISI316_SAC,7.9,1.8626456577334378,0.014714900696094161,76.31805737312409,702.4440425674424,569.6177868945932,2.611734941223329,1,MACHINE
417,C000619_Default<As Machined>,C061176/C058318,AISI316_SAC,7.9,1.8626456577334378,0.014714900696094161,95.12280289683137,1023.700000000005,639.798052612466,2.611734941223329,1,MACHINE
418,C000619_Default<As Machined>,C061176/C058318,AISI316_SAC,7.9,1.8626456577334378,0.014714900696094161,67.10409936747722,1784.3559574325682,535.230827478703,2.611734941223329,1,MACHINE
419,C058319_Default<As Machined>,C061176/C058318,AISI316_SAC,7.9,185.19059339848252,1.463005687848012,10.419216795315961,683.3675754707328,323.6799634711749,2.9630172996121638,1,MACHINE
420,C000619_Default<As Machined>,C061176/C058318,AISI316_SAC,7.9,1.8626456577334378,0.014714900696094161,95.12280289683187,1173.7000000000048,639.7980526124659,2.611734941223329,1,MACHINE
421,C000619_Default<As Machined>,C061176/C058318,AISI316_SAC,7.9,1.8626456577334378,0.014714900696094161,95.12280289683243,1323.7000000000053,639.798052612466,2.611734941223329,1,MACHINE
422,C000619_Default<As Machined>,C061176/C058318,AISI316_SAC,7.9,1.8626456577334378,0.014714900696094161,95.12280289683295,1473.700000000005,639.798052612466,2.611734941223329,1,MACHINE
423,C000619_Default<As Machined>,C061176/C058318,AISI316_SAC,7.9,1.8626456577334378,0.014714900696094161,95.12280289683346,1623.7000000000048,639.798052612466,2.611734941223329,1,MACHINE
424,C000619_Default<As Machined>,C061176/C058318,AISI316_SAC,7.9,1.8626456577334378,0.014714900696094161,48.986766210300566,1784.355957432569,467.6160196384683,2.611734941223329,1,MACHINE
425,C000619_Default<As Machined>,C061176/C058318,AISI316_SAC,7.9,1.8626456577334378,0.014714900696094161,30.869433053123885,1784.355957432569,400.0012117982335,2.611734941223329,1,MACHINE
426,C000619_Default<As Machined>,C061176/C058318,AISI316_SAC,7.9,1.8626456577334378,0.014714900696094161,12.752099895947199,1784.355957432569,332.38640395799877,2.611734941223329,1,MACHINE
427,C000619_Default<As Machined>,C061176/C058318,AISI316_SAC,7.9,1.8626456577334378,0.014714900696094161,-5.365233261229461,1784.355957432569,264.77159611776415,2.611734941223329,1,MACHINE
428,C000619_Default<As Machined>,C061176/C058318,AISI316_SAC,7.9,1.8626456577334378,0.014714900696094161,-23.48256641840615,1784.355957432569,197.15678827752947,2.611734941223329,1,MACHINE
429,C000619_Default<As Machined>,C061176/C058318,AISI316_SAC,7.9,1.8626456577334378,0.014714900696094161,-41.59989957558278,1784.355957432569,129.5419804372949,2.611734941223329,1,MACHINE
430,C058322_Default<As Machined>,C061176/C058318,AISI316_SAC,7.9,309.4290470038766,2.4444894713306247,100.0200001455446,1243.7920394586208,658.0746509007021,2.984184930259513,1,MACHINE
431,C000619_Default<As Machined>,C061176/C058318,AISI316_SAC,7.9,1.8626456577334378,0.014714900696094161,58.20072421594736,702.4440425674424,502.00297905435855,2.611734941223329,1,MACHINE
432,C000619_Default<As Machined>,C061176/C058318,AISI316_SAC,7.9,1.8626456577334378,0.014714900696094161,40.083391058770616,702.4440425674424,434.3881712141238,2.611734941223329,1,MACHINE
433,C000619_Default<As Machined>,C061176/C058318,AISI316_SAC,7.9,1.8626456577334378,0.014714900696094161,21.966057901593857,702.4440425674425,366.7733633738891,2.611734941223329,1,MACHINE
434,C000619_Default<As Machined>,C061176/C058318,AISI316_SAC,7.9,1.8626456577334378,0.014714900696094161,3.8487247444171393,702.4440425674425,299.1585555336544,2.611734941223329,1,MACHINE
435,C000619_Default<As Machined>,C061176/C058318,AISI316_SAC,7.9,1.8626456577334378,0.014714900696094161,-14.268608412759605,702.4440425674427,231.54374769341968,2.611734941223329,1,MACHINE
436,C000619_Default<As Machined>,C061176/C058318,AISI316_SAC,7.9,1.8626456577334378,0.014714900696094161,-32.38594156993631,702.4440425674427,163.92893985318494,2.611734941223329,1,MACHINE
437,C000619_Default<As Machined>,C061176/C058318,AISI316_SAC,7.9,1.8626456577334378,0.014714900696094161,-50.50327472711302,702.4440425674427,96.31413201295017,2.611734941223329,1,MACHINE
438,C000619_Default<As Machined>,C061176/C058318,AISI316_SAC,7.9,1.8626456577334378,0.014714900696094161,-59.71723273275953,1784.355957432569,61.927172597060114,2.611734941223329,1,MACHINE
439,C058324_Default<As Machined>,C061176/C058323,AISI316_SAC,7.9,309.4551977037195,2.444696061859384,100.02000342641952,1239.8947919596053,-658.0746454097648,2.983535524387629,1,MACHINE
440,C058320_Default<As Machined>,C061176/C058323,AISI316_SAC,7.9,182.61436441890055,1.4426534789093144,11.307280393696388,679.7904851560886,-326.99426870898833,2.9651944157894206,1,MACHINE
441,C058319_Default<As Machined>,C061176/C058323,AISI316_SAC,7.9,185.19059339848252,1.463005687848012,10.263925368258057,1800.432424529278,-323.10040797531843,2.9630172996121638,1,MACHINE
442,C002303,C061176/C058323,AISI316_SAC,7.9,16.12203075686691,0.12736404297924858,99.99847938309497,637.499954387095,-658.0003053355371,3.317131342370767,1,MACHINE
443,C002387,C061176/C058323,AISI316_SAC,7.9,50.286063838902784,0.39725990432733205,98.5246050175007,679.9994779823357,-652.4938564070125,4.504762142039539,1,MACHINE
444,C008969,C061176/C058323,AISI316_SAC,7.9,37.741641330008704,0.2981589665070688,98.21308456258691,1793.295454341669,-651.3312220551381,4.36515250915866,1,MACHINE
445,C000619_Default<As Machined>,C061176/C058323,AISI316_SAC,7.9,1.8626456577334378,0.014714900696094161,95.12280289682919,1078.1000000000045,-639.7980526123772,2.611734941223329,1,MACHINE
446,C000619_Default<As Machined>,C061176/C058323,AISI316_SAC,7.9,1.8626456577334378,0.014714900696094161,66.84528032236982,698.8440425674414,-534.2649016523256,2.611734941223329,1,MACHINE
447,C000619_Default<As Machined>,C061176/C058323,AISI316_SAC,7.9,1.8626456577334378,0.014714900696094161,76.1627659460659,1781.355957432568,-569.0382313987368,2.611734941223329,1,MACHINE
448,C008979_Varsayılan,C061176/C058323,AISI316_SAC,7.9,17.66551396404079,0.13955756031592226,-73.88046489893227,1800.2000000000053,-9.069270553425714,5.2892489003845915,1,MACHINE
449,C008979_Varsayılan,C061176/C058323,AISI316_SAC,7.9,17.66551396404079,0.13955756031592226,-71.55109349301375,680.0000000000063,-17.762602990027112,5.2892489003845915,1,MACHINE
450,C000619_Default<As Machined>,C061176/C058323,AISI316_SAC,7.9,1.8626456577334378,0.014714900696094161,48.72794716519312,698.8440425674416,-466.650093812091,2.611734941223329,1,MACHINE
451,C000619_Default<As Machined>,C061176/C058323,AISI316_SAC,7.9,1.8626456577334378,0.014714900696094161,30.610614008016373,698.8440425674416,-399.0352859718562,2.611734941223329,1,MACHINE
452,C000619_Default<As Machined>,C061176/C058323,AISI316_SAC,7.9,1.8626456577334378,0.014714900696094161,12.493280850839673,698.8440425674419,-331.4204781316215,2.611734941223329,1,MACHINE
453,C000619_Default<As Machined>,C061176/C058323,AISI316_SAC,7.9,1.8626456577334378,0.014714900696094161,-5.624052306337029,698.8440425674418,-263.8056702913867,2.611734941223329,1,MACHINE
454,C000619_Default<As Machined>,C061176/C058323,AISI316_SAC,7.9,1.8626456577334378,0.014714900696094161,-23.741385463513748,698.8440425674419,-196.190862451152,2.611734941223329,1,MACHINE
455,C000619_Default<As Machined>,C061176/C058323,AISI316_SAC,7.9,1.8626456577334378,0.014714900696094161,-41.85871862069043,698.8440425674421,-128.57605461091725,2.611734941223329,1,MACHINE
456,C000619_Default<As Machined>,C061176/C058323,AISI316_SAC,7.9,1.8626456577334378,0.014714900696094161,95.12280289682975,1228.1000000000045,-639.7980526123773,2.611734941223329,1,MACHINE
457,C000619_Default<As Machined>,C061176/C058323,AISI316_SAC,7.9,1.8626456577334378,0.014714900696094161,95.12280289683028,1378.1000000000047,-639.7980526123773,2.611734941223329,1,MACHINE
458,C000619_Default<As Machined>,C061176/C058323,AISI316_SAC,7.9,1.8626456577334378,0.014714900696094161,95.12280289683085,1528.1000000000047,-639.7980526123772,2.611734941223329,1,MACHINE
459,C000619_Default<As Machined>,C061176/C058323,AISI316_SAC,7.9,1.8626456577334378,0.014714900696094161,95.12280289683142,1678.1000000000045,-639.7980526123773,2.611734941223329,1,MACHINE
460,C000619_Default<As Machined>,C061176/C058323,AISI316_SAC,7.9,1.8626456577334378,0.014714900696094161,58.04543278888917,1781.3559574325682,-501.423423558502,2.611734941223329,1,MACHINE
461,C000619_Default<As Machined>,C061176/C058323,AISI316_SAC,7.9,1.8626456577334378,0.014714900696094161,39.92809963171246,1781.3559574325686,-433.8086157182672,2.611734941223329,1,MACHINE
462,C000619_Default<As Machined>,C061176/C058323,AISI316_SAC,7.9,1.8626456577334378,0.014714900696094161,21.810766474535733,1781.3559574325686,-366.1938078780325,2.611734941223329,1,MACHINE
463,C000619_Default<As Machined>,C061176/C058323,AISI316_SAC,7.9,1.8626456577334378,0.014714900696094161,3.6934333173590597,1781.3559574325686,-298.57900003779775,2.611734941223329,1,MACHINE
464,C000619_Default<As Machined>,C061176/C058323,AISI316_SAC,7.9,1.8626456577334378,0.014714900696094161,-14.423899839817686,1781.3559574325686,-230.96419219756297,2.611734941223329,1,MACHINE
465,C000619_Default<As Machined>,C061176/C058323,AISI316_SAC,7.9,1.8626456577334378,0.014714900696094161,-32.54123299699436,1781.3559574325689,-163.34938435732818,2.611734941223329,1,MACHINE
466,C000619_Default<As Machined>,C061176/C058323,AISI316_SAC,7.9,1.8626456577334378,0.014714900696094161,-50.658566154171105,1781.355957432569,-95.73457651709327,2.611734941223329,1,MACHINE
467,C000619_Default<As Machined>,C061176/C058323,AISI316_SAC,7.9,1.8626456577334378,0.014714900696094161,-59.976051777867205,698.8440425674421,-60.96124677068235,2.611734941223329,1,MACHINE
468,C000619_Default<As Machined>,C061176/C058323,AISI316_SAC,7.9,1.8626456577334378,0.014714900696094161,-68.77589931134781,1781.355957432569,-28.119768676858488,2.611734941223329,1,MACHINE
469,C000515,C061176/C048023,CELIK,7.85,151.34001021165056,1.188019080161457,237.9999999999985,315.99999999998295,-626.4010152821099,8.471378165848018,1,MACHINE
470,C000514_Varsayılan,C061176/C048023,AISI316_SAC,7.9,8.341014496379795,0.0658940145214004,237.99999999999855,315.99999999998334,-578.199999999959,1.9351573187414506,1,MACHINE
471,C048028_İşlenmiş,C061176/C048023,AISI316_SAC,7.9,202.40866503565482,1.599028453781673,238.0231585859148,316.0225476684009,-497.44185644802695,5.019043451173153,4,MACHINE
472,C011462,C061176/C011459/C011464,AISI316_SAC,7.9,860.9021347030667,6.801126864154227,1450.0000035341636,154.27578992816058,2.3494545374762602e-06,1.9925711957033416,4,TROLLEY
473,C010832,C061176/C011459/C011464,AISI316_SAC,7.9,13.304660177521237,0.10510681540241779,872.9999999999973,194.51374282439255,429.9963884793022,1.8800213953742024,1,TROLLEY
474,C010832,C061176/C011459/C011464,AISI316_SAC,7.9,13.304660177521237,0.10510681540241779,872.999999999997,194.5137428243923,-429.99638847930754,1.8800213953742024,1,TROLLEY
475,C010832,C061176/C011459/C011464,AISI316_SAC,7.9,13.304660177521237,0.10510681540241779,2026.999999999994,194.5137428243924,-429.9963884793076,1.8800213953742024,1,TROLLEY
476,C010832,C061176/C011459/C011464,AISI316_SAC,7.9,13.304660177521237,0.10510681540241779,2026.9999999999945,194.51374282439244,429.99638847930197,1.8800213953742024,1,TROLLEY
477,C010832,C061176/C011459/C011464,AISI316_SAC,7.9,13.304660177521237,0.10510681540241779,1450.0,194.51374282439247,429.99638847930004,1.8800213953742024,1,TROLLEY
478,C010832,C061176/C011459/C011464,AISI316_SAC,7.9,13.304660177521237,0.10510681540241779,1449.9999999999975,194.51374282439235,-429.99638847930555,1.8800213953742024,1,TROLLEY
479,C010838,C061176/C011459/C011464,AISI316_SAC,7.9,85.4480555821541,0.6750396390990174,919.7499999999956,131.69999999997776,368.22459409288547,4.4455816940029695,1,TROLLEY
480,C010838,C061176/C011459/C011464,AISI316_SAC,7.9,85.4480555821541,0.6750396390990174,1980.249999999996,131.6999999999794,368.2245940928854,4.4455816940029695,1,TROLLEY
481,C010838,C061176/C011459/C011464,AISI316_SAC,7.9,85.4480555821541,0.6750396390990174,1980.2499999999955,131.69999999997805,-368.22459409289064,4.4455816940029695,1,TROLLEY
482,C010838,C061176/C011459/C011464,AISI316_SAC,7.9,85.4480555821541,0.6750396390990174,919.7499999999955,131.69999999997805,-368.2245940928905,4.4455816940029695,1,TROLLEY
483,C011455,C061176/C011459/C011458,AISI316_SAC,7.9,2098.55631349239,16.578594876589882,1445.7565774202756,859.5174983000072,-0.999999053311931,2.155418836052105,11,TROLLEY
484,C010832,C061176/C011459/C011458,AISI316_SAC,7.9,13.304660177521237,0.10510681540241779,872.9999999999973,803.8862571755624,429.9963884793,1.8800213953742024,1,TROLLEY
485,C010832,C061176/C011459/C011458,AISI316_SAC,7.9,13.304660177521237,0.10510681540241779,2027.0,803.8862571755635,429.9963884793021,1.8800213953742024,1,TROLLEY
486,C010832,C061176/C011459/C011458,AISI316_SAC,7.9,13.304660177521237,0.10510681540241779,2026.9999999999995,803.8862571755634,-431.9963884793074,1.8800213953742024,1,TROLLEY
487,C010832,C061176/C011459/C011458,AISI316_SAC,7.9,13.304660177521237,0.10510681540241779,1450.0000000000027,803.8862571755634,-431.99638847930527,1.8800213953742024,1,TROLLEY
488,C010832,C061176/C011459/C011458,AISI316_SAC,7.9,13.304660177521237,0.10510681540241779,873.0000000000019,803.8862571755644,-431.996388479306,1.8800213953742024,1,TROLLEY
489,C010842,C061176/C011459/C011458,AISI316_SAC,7.9,43.85139745635752,0.3464260399052244,404.9440298507479,876.6999999999921,419.99999999999767,9.282576649936445,1,TROLLEY
490,C010842,C061176/C011459/C011458,AISI316_SAC,7.9,43.85139745635752,0.3464260399052244,404.9440298507479,876.6999999999921,-422.0000000000027,9.282576649936445,1,TROLLEY
491,C010832,C061176/C011459/C011458,AISI316_SAC,7.9,13.304660177521237,0.10510681540241779,1450.0000000000027,803.8862571755635,429.99638847930015,1.8800213953742024,1,TROLLEY
492,C010840,C061176/C011459,AISI316_SAC,7.9,136.6142016535332,1.0792521930629122,1450.0000000000018,499.1999999999782,422.4999999999984,1.9839387051974609,1,TROLLEY
493,C010840,C061176/C011459,AISI316_SAC,7.9,136.6142016535332,1.0792521930629122,2026.9999999999925,499.1999999999779,422.5000000000002,1.9839387051974609,1,TROLLEY
494,C010840,C061176/C011459,AISI316_SAC,7.9,136.6142016535332,1.0792521930629122,872.9999999999989,499.1999999999781,422.50000000000244,1.9839387051974609,1,TROLLEY
495,C010840,C061176/C011459,AISI316_SAC,7.9,136.6142016535332,1.0792521930629122,872.9999999999989,499.1999999999782,-422.500000000008,1.9839387051974609,1,TROLLEY
496,C010840,C061176/C011459,AISI316_SAC,7.9,136.6142016535332,1.0792521930629122,1449.9999999999989,499.19999999997816,-422.5000000000059,1.9839387051974609,1,TROLLEY
497,C010840,C061176/C011459,AISI316_SAC,7.9,136.6142016535332,1.0792521930629122,2026.9999999999925,499.1999999999781,-422.5000000000039,1.9839387051974609,1,TROLLEY
498,C011192,C061176/C011459,TEKERLEK,4.5,229.57278569514642,1.0330775356281587,2007.84651430177,72.79028474512928,-357.69055722758117,5.214157711691005,3,TROLLEY
499,C011193,C061176/C011459,TEKERLEK,4.5,186.95682921807366,0.8413057314813315,919.7530872293524,61.82767553007882,367.6779595429315,4.82739041614819,3,TROLLEY
500,C011192,C061176/C011459,TEKERLEK,4.5,229.57278569514642,1.0330775356281587,2007.8465143017704,72.7902847451306,357.8094427724189,5.214157711691005,3,TROLLEY
501,C011193,C061176/C011459,TEKERLEK,4.5,186.95682921807366,0.8413057314813315,919.7530872293522,61.82767553008159,-357.8220404570687,4.82739041614819,3,TROLLEY
502,C003075,C061176/C011459,AISI316_SAC,7.9,1.0207196222276493,0.00806368501559843,958.9999952775989,123.66266195848117,334.24999501139087,2.257835955418782,1,TROLLEY
503,C010848,C061176/C011459,AISI316_SAC,7.9,1.7699026151977835,0.013982230660062489,872.9999999999974,804.1999999999764,418.8714655137992,1.729876410531972,1,TROLLEY
504,C010848,C061176/C011459,AISI316_SAC,7.9,1.7699026151977835,0.013982230660062489,872.9999999999958,774.199999999978,418.87146551378106,1.729876410531972,1,TROLLEY
505,C010848,C061176/C011459,AISI316_SAC,7.9,1.7699026151977835,0.013982230660062489,872.9999999999974,224.1999999999765,418.8714655137981,1.729876410531972,1,TROLLEY
506,C010848,C061176/C011459,AISI316_SAC,7.9,1.7699026151977835,0.013982230660062489,872.999999999999,194.19999999997782,418.8714655138,1.729876410531972,1,TROLLEY
507,C010848,C061176/C011459,AISI316_SAC,7.9,1.7699026151977835,0.013982230660062489,1450.0000000000018,194.1999999999765,418.87146551379806,1.729876410531972,1,TROLLEY
508,C010848,C061176/C011459,AISI316_SAC,7.9,1.7699026151977835,0.013982230660062489,1450.0000000000002,224.1999999999765,418.87146551379806,1.729876410531972,1,TROLLEY
509,C010848,C061176/C011459,AISI316_SAC,7.9,1.7699026151977835,0.013982230660062489,1450.0000000000014,774.1999999999764,418.8714655137981,1.729876410531972,1,TROLLEY
510,C010848,C061176/C011459,AISI316_SAC,7.9,1.7699026151977835,0.013982230660062489,1450.0000000000014,804.1999999999764,418.8714655137981,1.729876410531972,1,TROLLEY
511,C010848,C061176/C011459,AISI316_SAC,7.9,1.7699026151977835,0.013982230660062489,2026.9999999999925,774.1999999999763,418.8714655138,1.729876410531972,1,TROLLEY
512,C010848,C061176/C011459,AISI316_SAC,7.9,1.7699026151977835,0.013982230660062489,2026.999999999992,804.1999999999763,418.87146551379993,1.729876410531972,1,TROLLEY
513,C010848,C061176/C011459,AISI316_SAC,7.9,1.7699026151977835,0.013982230660062489,2026.9999999999943,224.19999999997634,418.8714655137979,1.729876410531972,1,TROLLEY
514,C010848,C061176/C011459,AISI316_SAC,7.9,1.7699026151977835,0.013982230660062489,2026.9999999999925,194.19999999997634,418.87146551379993,1.729876410531972,1,TROLLEY
515,C010848,C061176/C011459,AISI316_SAC,7.9,1.7699026151977835,0.013982230660062489,2026.99999999999,804.1999999999776,-418.8714655138075,1.729876410531972,1,TROLLEY
516,C010848,C061176/C011459,AISI316_SAC,7.9,1.7699026151977835,0.013982230660062489,2026.999999999993,774.1999999999776,-418.87146551380334,1.729876410531972,1,TROLLEY
517,C010848,C061176/C011459,AISI316_SAC,7.9,1.7699026151977835,0.013982230660062489,2026.99999999999,224.19999999997754,-418.8714655138053,1.729876410531972,1,TROLLEY
518,C010848,C061176/C011459,AISI316_SAC,7.9,1.7699026151977835,0.013982230660062489,2026.9999999999895,194.19999999997793,-418.8714655138052,1.729876410531972,1,TROLLEY
519,C010848,C061176/C011459,AISI316_SAC,7.9,1.7699026151977835,0.013982230660062489,1449.9999999999989,194.19999999997796,-418.87146551380323,1.729876410531972,1,TROLLEY
520,C010848,C061176/C011459,AISI316_SAC,7.9,1.7699026151977835,0.013982230660062489,1449.9999999999989,224.1999999999782,-418.8714655138033,1.729876410531972,1,TROLLEY
521,C010848,C061176/C011459,AISI316_SAC,7.9,1.7699026151977835,0.013982230660062489,1449.999999999999,774.1999999999783,-418.87146551380505,1.729876410531972,1,TROLLEY
522,C010848,C061176/C011459,AISI316_SAC,7.9,1.7699026151977835,0.013982230660062489,1449.9999999999977,804.199999999978,-418.87146551380533,1.729876410531972,1,TROLLEY
523,C010848,C061176/C011459,AISI316_SAC,7.9,1.7699026151977835,0.013982230660062489,872.9999999999987,804.1999999999776,-418.8714655138075,1.729876410531972,1,TROLLEY
524,C010848,C061176/C011459,AISI316_SAC,7.9,1.7699026151977835,0.013982230660062489,872.9999999999987,774.1999999999778,-418.87146551380744,1.729876410531972,1,TROLLEY
525,C010848,C061176/C011459,AISI316_SAC,7.9,1.7699026151977835,0.013982230660062489,872.9999999999987,224.19999999997796,-418.8714655138055,1.729876410531972,1,TROLLEY
526,C010848,C061176/C011459,AISI316_SAC,7.9,1.7699026151977835,0.013982230660062489,872.9999999999989,194.19999999997796,-418.8714655138054,1.729876410531972,1,TROLLEY
527,C002586_M8x35 GALV.ANAH.BAŞLI CİVATA,C061176/C011459,GALV_CELIK,7.85,2.553203106827057,0.020042644388592396,872.9999985503638,804.2000012193408,-425.30108120671906,3.623812219968976,1,TROLLEY
528,C002586_M8x35 GALV.ANAH.BAŞLI CİVATA,C061176/C011459,GALV_CELIK,7.85,2.553203106827057,0.020042644388592396,872.9999985375291,774.1999987960409,-425.30108120671895,3.623812219968976,1,TROLLEY
529,C002586_M8x35 GALV.ANAH.BAŞLI CİVATA,C061176/C011459,GALV_CELIK,7.85,2.553203106827057,0.020042644388592396,872.9999985375241,224.19999879603947,-423.30108120672077,3.623812219968976,1,TROLLEY
530,C002586_M8x35 GALV.ANAH.BAŞLI CİVATA,C061176/C011459,GALV_CELIK,7.85,2.553203106827057,0.020042644388592396,872.9999985375241,194.19999879603947,-423.30108120672065,3.623812219968976,1,TROLLEY
531,C002586_M8x35 GALV.ANAH.BAŞLI CİVATA,C061176/C011459,GALV_CELIK,7.85,2.553203106827057,0.020042644388592396,1449.9999983783937,194.19999902084814,-423.3010812067186,3.623812219968976,1,TROLLEY
532,C002586_M8x35 GALV.ANAH.BAŞLI CİVATA,C061176/C011459,GALV_CELIK,7.85,2.553203106827057,0.020042644388592396,1449.9999983783953,224.19999902084834,-423.3010812067187,3.623812219968976,1,TROLLEY
533,C002586_M8x35 GALV.ANAH.BAŞLI CİVATA,C061176/C011459,GALV_CELIK,7.85,2.553203106827057,0.020042644388592396,1449.9999981363642,774.2000003393085,-425.30108120671827,3.623812219968976,1,TROLLEY
534,C002586_M8x35 GALV.ANAH.BAŞLI CİVATA,C061176/C011459,GALV_CELIK,7.85,2.553203106827057,0.020042644388592396,1449.9999996415277,804.2000018600302,-425.30108120671866,3.623812219968976,1,TROLLEY
535,C002586_M8x35 GALV.ANAH.BAŞLI CİVATA,C061176/C011459,GALV_CELIK,7.85,2.553203106827057,0.020042644388592396,2026.9999996415213,804.2000018600302,-425.30108120672253,3.623812219968976,1,TROLLEY
536,C002586_M8x35 GALV.ANAH.BAŞLI CİVATA,C061176/C011459,GALV_CELIK,7.85,2.553203106827057,0.020042644388592396,2026.9999996415297,774.2000018600304,-425.30108120672224,3.623812219968976,1,TROLLEY
537,C002586_M8x35 GALV.ANAH.BAŞLI CİVATA,C061176/C011459,GALV_CELIK,7.85,2.553203106827057,0.020042644388592396,2026.9999996452368,224.20000186074228,-423.30108120672253,3.623812219968976,1,TROLLEY
538,C002586_M8x35 GALV.ANAH.BAŞLI CİVATA,C061176/C011459,GALV_CELIK,7.85,2.553203106827057,0.020042644388592396,2026.9999996452364,194.20000186074233,-423.30108120672253,3.623812219968976,1,TROLLEY
539,C002586_M8x35 GALV.ANAH.BAŞLI CİVATA,C061176/C011459,GALV_CELIK,7.85,2.553203106827057,0.020042644388592396,2026.9999996833355,194.20000186760237,423.301081206715,3.623812219968976,1,TROLLEY
540,C002586_M8x35 GALV.ANAH.BAŞLI CİVATA,C061176/C011459,GALV_CELIK,7.85,2.553203106827057,0.020042644388592396,2026.99999971064,224.20000187202697,423.30108120671287,3.623812219968976,1,TROLLEY
541,C002586_M8x35 GALV.ANAH.BAŞLI CİVATA,C061176/C011459,GALV_CELIK,7.85,2.553203106827057,0.020042644388592396,1449.999999710646,224.20000187202686,423.3010812067129,3.623812219968976,1,TROLLEY
542,C002586_M8x35 GALV.ANAH.BAŞLI CİVATA,C061176/C011459,GALV_CELIK,7.85,2.553203106827057,0.020042644388592396,1449.999999710646,194.20000187202672,423.3010812067131,3.623812219968976,1,TROLLEY
543,C002586_M8x35 GALV.ANAH.BAŞLI CİVATA,C061176/C011459,GALV_CELIK,7.85,2.553203106827057,0.020042644388592396,872.9999986280089,194.20000130609478,423.30108120671525,3.623812219968976,1,TROLLEY
544,C002586_M8x35 GALV.ANAH.BAŞLI CİVATA,C061176/C011459,GALV_CELIK,7.85,2.553203106827057,0.020042644388592396,872.999998628009,224.20000130609483,423.3010812067151,3.623812219968976,1,TROLLEY
545,C002586_M8x35 GALV.ANAH.BAŞLI CİVATA,C061176/C011459,GALV_CELIK,7.85,2.553203106827057,0.020042644388592396,872.9999981243964,774.2000002653467,423.30108120671105,3.623812219968976,1,TROLLEY
546,C002586_M8x35 GALV.ANAH.BAŞLI CİVATA,C061176/C011459,GALV_CELIK,7.85,2.553203106827057,0.020042644388592396,872.9999989594994,804.2000015829034,423.3010812067153,3.623812219968976,1,TROLLEY
547,C002586_M8x35 GALV.ANAH.BAŞLI CİVATA,C061176/C011459,GALV_CELIK,7.85,2.553203106827057,0.020042644388592396,1449.999999644048,774.2000018605135,423.3010812067133,3.623812219968976,1,TROLLEY
548,C002586_M8x35 GALV.ANAH.BAŞLI CİVATA,C061176/C011459,GALV_CELIK,7.85,2.553203106827057,0.020042644388592396,1449.9999989595035,804.2000015829041,423.30108120671554,3.623812219968976,1,TROLLEY
549,C002586_M8x35 GALV.ANAH.BAŞLI CİVATA,C061176/C011459,GALV_CELIK,7.85,2.553203106827057,0.020042644388592396,2027.0000015685343,804.2000010620395,423.3010812067152,3.623812219968976,1,TROLLEY
550,C002586_M8x35 GALV.ANAH.BAŞLI CİVATA,C061176/C011459,GALV_CELIK,7.85,2.553203106827057,0.020042644388592396,2027.0000015829116,774.2000010404897,423.30108120671525,3.623812219968976,1,TROLLEY
551,C003075,C061176/C011459,AISI316_SAC,7.9,1.0207196222276493,0.00806368501559843,872.999998179544,804.1999933762902,406.71266195850535,2.257835955418782,1,TROLLEY
552,C003075,C061176/C011459,AISI316_SAC,7.9,1.0207196222276493,0.00806368501559843,872.9999981957241,774.1999933718657,406.71266195850103,2.257835955418782,1,TROLLEY
553,C003075,C061176/C011459,AISI316_SAC,7.9,1.0207196222276493,0.00806368501559843,873.0000028465385,194.19999374822055,406.71266195850916,2.257835955418782,1,TROLLEY
554,C003075,C061176/C011459,AISI316_SAC,7.9,1.0207196222276493,0.00806368501559843,872.9999962269088,224.20000574028035,406.71266195850495,2.257835955418782,1,TROLLEY
555,C002785,C061176/C011459,AISI316_SAC,7.9,2.328053758537143,0.018391624692443428,958.9999974543975,132.04348327392663,-384.750000524708,3.5288682258382056,1,TROLLEY
556,C002785,C061176/C011459,AISI316_SAC,7.9,2.328053758537143,0.018391624692443428,880.5000007069174,132.0434832739268,-334.2500025011316,3.5288682258382056,1,TROLLEY
557,C002785,C061176/C011459,AISI316_SAC,7.9,2.328053758537143,0.018391624692443428,880.5000019896684,132.04348327392663,-384.7500016723023,3.5288682258382056,1,TROLLEY
558,C003075,C061176/C011459,AISI316_SAC,7.9,1.0207196222276493,0.00806368501559843,959.0000025992864,123.66266195848407,-384.74999364147146,2.257835955418782,1,TROLLEY
559,C003075,C061176/C011459,AISI316_SAC,7.9,1.0207196222276493,0.00806368501559843,880.4999984322042,123.6626619584855,-384.74999331200877,2.257835955418782,1,TROLLEY
560,C003075,C061176/C011459,AISI316_SAC,7.9,1.0207196222276493,0.00806368501559843,880.4999981227425,123.66266195848588,-334.2499933921927,2.257835955418782,1,TROLLEY
561,C003075,C061176/C011459,AISI316_SAC,7.9,1.0207196222276493,0.00806368501559843,880.5000058267005,123.66266195848247,333.7499963617648,2.257835955418782,1,TROLLEY
562,C003075,C061176/C011459,AISI316_SAC,7.9,1.0207196222276493,0.00806368501559843,880.4999946213865,123.66266195848463,384.75000427291627,2.257835955418782,1,TROLLEY
563,C002785,C061176/C011459,AISI316_SAC,7.9,2.328053758537143,0.018391624692443428,880.5000003765953,132.0434832739276,384.7500025716811,3.5288682258382056,1,TROLLEY
564,C002785,C061176/C011459,AISI316_SAC,7.9,2.328053758537143,0.018391624692443428,880.499998816367,132.04348327392628,333.7500023139571,3.5288682258382056,1,TROLLEY
565,C002785,C061176/C011459,AISI316_SAC,7.9,2.328053758537143,0.018391624692443428,959.0000025943867,132.04348327392628,334.2499998434146,3.5288682258382056,1,TROLLEY
566,C002785,C061176/C011459,AISI316_SAC,7.9,2.328053758537143,0.018391624692443428,959.0000010458965,132.04348327392754,384.750002379383,3.5288682258382056,1,TROLLEY
567,C002785,C061176/C011459,AISI316_SAC,7.9,2.328053758537143,0.018391624692443428,1939.717427060809,132.0434832739281,388.2738472623597,3.5288682258382056,1,TROLLEY
568,C002785,C061176/C011459,AISI316_SAC,7.9,2.328053758537143,0.018391624692443428,1939.717424345984,132.0434832739279,330.2261500755523,3.5288682258382056,1,TROLLEY
569,C002785,C061176/C011459,AISI316_SAC,7.9,2.328053758537143,0.018391624692443428,2020.7825766229703,132.0434832739279,330.7261550336321,3.5288682258382056,1,TROLLEY
570,C002785,C061176/C011459,AISI316_SAC,7.9,2.328053758537143,0.018391624692443428,2019.4999985247314,132.04348327392663,-384.7499978601475,3.5288682258382056,1,TROLLEY
571,C003075,C061176/C011459,AISI316_SAC,7.9,1.0207196222276493,0.00806368501559843,2019.5000066536602,123.16266195848358,-384.750001707627,2.257835955418782,1,TROLLEY
572,C003075,C061176/C011459,AISI316_SAC,7.9,1.0207196222276493,0.00806368501559843,1940.9999948924658,123.1626619584858,-384.7500045935175,2.257835955418782,1,TROLLEY
573,C002785,C061176/C011459,AISI316_SAC,7.9,2.328053758537143,0.018391624692443428,1941.0000022380257,132.0434832739268,-334.2499986784109,3.5288682258382056,1,TROLLEY
574,C003075,C061176/C011459,AISI316_SAC,7.9,1.0207196222276493,0.00806368501559843,1941.0000022345998,123.16266195848574,-334.25000649567625,2.257835955418782,1,TROLLEY
575,C002785,C061176/C011459,AISI316_SAC,7.9,2.328053758537143,0.018391624692443428,1941.0000023028663,132.04348327392663,-384.75000120506337,3.5288682258382056,1,TROLLEY
576,C002785,C061176/C011459,AISI316_SAC,7.9,2.328053758537143,0.018391624692443428,2019.5000014943237,132.0434832739281,384.74999787341176,3.5288682258382056,1,TROLLEY
577,C003075,C061176/C011459,AISI316_SAC,7.9,1.0207196222276493,0.00806368501559843,1939.7174177863774,123.16266195848323,388.2738489454404,2.257835955418782,1,TROLLEY
578,C003075,C061176/C011459,AISI316_SAC,7.9,1.0207196222276493,0.00806368501559843,1939.717424112286,123.16266195848344,330.2261595324127,2.257835955418782,1,TROLLEY
579,C003075,C061176/C011459,AISI316_SAC,7.9,1.0207196222276493,0.00806368501559843,2019.500004465763,123.16266195848506,384.7500052195915,2.257835955418782,1,TROLLEY
580,C003075,C061176/C011459,AISI316_SAC,7.9,1.0207196222276493,0.00806368501559843,2020.7825711521073,123.16266195848303,330.7261579593802,2.257835955418782,1,TROLLEY
581,C002785,C061176/C011459,AISI316_SAC,7.9,2.328053758537143,0.018391624692443428,958.9999974243814,132.0434832739268,-333.7500003487096,3.5288682258382056,1,TROLLEY
582,C003075,C061176/C011459,AISI316_SAC,7.9,1.0207196222276493,0.00806368501559843,959.0000057187301,123.66266195847437,-333.7500038056966,2.257835955418782,1,TROLLEY
583,C003075,C061176/C011459,AISI316_SAC,7.9,1.0207196222276493,0.00806368501559843,958.9999937034543,123.66266195848463,384.7500027460562,2.257835955418782,1,TROLLEY
584,C003075,C061176/C011459,AISI316_SAC,7.9,1.0207196222276493,0.00806368501559843,2019.4999932461883,123.16266195848372,-333.7499987456803,2.257835955418782,1,TROLLEY
585,C002785,C061176/C011459,AISI316_SAC,7.9,2.328053758537143,0.018391624692443428,2019.499997659009,132.04348327392677,-333.7500011292355,3.5288682258382056,1,TROLLEY
586,C003075,C061176/C011459,AISI316_SAC,7.9,1.0207196222276493,0.00806368501559843,872.9999993859559,804.2000068417758,-406.71266195851035,2.257835955418782,1,TROLLEY
587,C003075,C061176/C011459,AISI316_SAC,7.9,1.0207196222276493,0.00806368501559843,2026.999998179544,804.1999933762904,406.7126619585011,2.257835955418782,1,TROLLEY
588,C003075,C061176/C011459,AISI316_SAC,7.9,1.0207196222276493,0.00806368501559843,2026.9999993859562,804.200006841776,-406.71266195850643,2.257835955418782,1,TROLLEY
589,C003075,C061176/C011459,AISI316_SAC,7.9,1.0207196222276493,0.00806368501559843,1449.9999981795443,804.1999933762904,406.71266195850325,2.257835955418782,1,TROLLEY
590,C003075,C061176/C011459,AISI316_SAC,7.9,1.0207196222276493,0.00806368501559843,1449.999999385956,804.2000068417761,-406.7126619585084,2.257835955418782,1,TROLLEY
591,C003075,C061176/C011459,AISI316_SAC,7.9,1.0207196222276493,0.00806368501559843,872.9999993692479,774.2000068402573,-406.71266195850626,2.257835955418782,1,TROLLEY
592,C003075,C061176/C011459,AISI316_SAC,7.9,1.0207196222276493,0.00806368501559843,2026.9999981957253,774.1999933718645,406.7126619585009,2.257835955418782,1,TROLLEY
593,C003075,C061176/C011459,AISI316_SAC,7.9,1.0207196222276493,0.00806368501559843,2026.9999993692493,774.2000068402562,-406.7126619585063,2.257835955418782,1,TROLLEY
594,C003075,C061176/C011459,AISI316_SAC,7.9,1.0207196222276493,0.00806368501559843,1449.9999981957255,774.1999933718644,406.71266195850313,2.257835955418782,1,TROLLEY
595,C003075,C061176/C011459,AISI316_SAC,7.9,1.0207196222276493,0.00806368501559843,1449.9999993692493,774.2000068402562,-406.71266195850825,2.257835955418782,1,TROLLEY
596,C003075,C061176/C011459,AISI316_SAC,7.9,1.0207196222276493,0.00806368501559843,872.9999951446325,194.2000048592681,-406.7126619585144,2.257835955418782,1,TROLLEY
597,C003075,C061176/C011459,AISI316_SAC,7.9,1.0207196222276493,0.00806368501559843,2027.0000028465386,194.19999374822063,406.71266195850495,2.257835955418782,1,TROLLEY
598,C003075,C061176/C011459,AISI316_SAC,7.9,1.0207196222276493,0.00806368501559843,2026.9999951446325,194.20000485926818,-406.71266195851007,2.257835955418782,1,TROLLEY
599,C003075,C061176/C011459,AISI316_SAC,7.9,1.0207196222276493,0.00806368501559843,1450.0000028465386,194.19999374821919,406.71266195850717,2.257835955418782,1,TROLLEY
600,C003075,C061176/C011459,AISI316_SAC,7.9,1.0207196222276493,0.00806368501559843,1449.9999951446332,194.20000485926718,-406.7126619585124,2.257835955418782,1,TROLLEY
601,C003075,C061176/C011459,AISI316_SAC,7.9,1.0207196222276493,0.00806368501559843,873.000005544171,224.1999959441913,-406.7126619585102,2.257835955418782,1,TROLLEY
602,C003075,C061176/C011459,AISI316_SAC,7.9,1.0207196222276493,0.00806368501559843,2026.9999962269092,224.20000574027907,406.712661958501,2.257835955418782,1,TROLLEY
603,C003075,C061176/C011459,AISI316_SAC,7.9,1.0207196222276493,0.00806368501559843,2027.0000055441712,224.19999594419014,-406.7126619585062,2.257835955418782,1,TROLLEY
604,C003075,C061176/C011459,AISI316_SAC,7.9,1.0207196222276493,0.00806368501559843,1449.9999962269092,224.20000574027904,406.7126619585032,2.257835955418782,1,TROLLEY
605,C003075,C061176/C011459,AISI316_SAC,7.9,1.0207196222276493,0.00806368501559843,1450.0000055441712,224.1999959441901,-406.7126619585084,2.257835955418782,1,TROLLEY
606,C032707,C061176/C032692_Flex/C032702/C032706,AISI316_SAC,7.9,963.5919565129788,7.612376456452533,161.15546585908788,1329.6000000001613,-939.5593452448946,1.1948089366076724,1,MACHINE
607,C032709,C061176/C032692_Flex/C032702/C032706,AISI316_SAC,7.9,247.99648505514298,1.9591722319356297,214.51849267040237,976.2182134827405,-1030.874362201726,1.1917515013350246,1,MACHINE
608,C032708,C061176/C032692_Flex/C032702/C032706,AISI316_SAC,7.9,252.9364824287361,1.9981982111870151,215.0000000000087,1683.0251095231242,-1028.9432881081125,1.1932045428739666,1,MACHINE
609,C032704,C061176/C032692_Flex/C032702/C032711,AISI316_SAC,7.9,643.449907851714,5.083254272028541,215.53067664487313,1329.600000073677,-1161.657776768044,1.1959385356967394,1,MACHINE
610,C021495,C061176/C032692_Flex/C032702/C032711,AISI316_SAC,7.9,57.50957094404261,0.4543256104579366,215.57175761401444,1203.123696640987,-1147.9635399853246,1.170908258204212,1,MACHINE
611,C032712,C061176/C032692_Flex/C032702/C032711,AISI316_SAC,7.9,26.645681095492105,0.21050088065438763,-56.27672543078991,1329.6000000000156,-1156.2379181459833,1.1473771029236004,1,MACHINE
612,C032712,C061176/C032692_Flex/C032702/C032711,AISI316_SAC,7.9,26.645681095492105,0.21050088065438763,467.1767254308087,1329.6000000000167,-1156.2379181459848,1.1473771029236004,1,MACHINE
613,C021481,C061176/C032692_Flex/C032702/C021483,ELEKTRIK,3.0,4.87223629281386,0.014616708878441582,-123.80134261768232,1605.7999976320082,-1149.4339934192626,2.552174653737421,1,MACHINE
614,C021482,C061176/C032692_Flex/C032702/C021483,ELEKTRIK,3.0,1.5842256510455157,0.004752676953136547,-129.34999999999144,1605.800000000018,-1158.1303468800945,1.836215826263948,1,MACHINE
615,C021484,C061176/C032692_Flex/C032702/C021483,ELEKTRIK,3.0,1.2819059044404968,0.00384571771332149,-129.34999999999147,1601.184669274944,-1151.7500000000098,2.4006297675129398,1,MACHINE
616,C021485,C061176/C032692_Flex/C032702,ELEKTRIK,3.0,11.220991558741135,0.03366297467622341,520.196040927429,1335.1307722588522,-1149.392182949587,2.8932473178794504,3,MACHINE
617,C032705,C061176/C032692_Flex/C032702,AISI316_SAC,7.9,574.6147614882371,4.539456615757073,215.00000000000304,1329.6000000000156,-896.2627471584641,1.1957811249282246,1,MACHINE
618,C021463,C061176/C032692_Flex,ELEKTRIK,3.0,334.3774026056221,1.0031322078168663,464.22090328733265,1542.4622168904218,-930.2360213217883,15.369149916041328,5,MACHINE
619,C021464,C061176/C032692_Flex,ELEKTRIK,3.0,80.29876277421909,0.24089628832265725,283.1499661870491,1542.402511776501,-930.5263165258688,7.979472609074807,1,MACHINE
620,C021465,C061176/C032692_Flex,ELEKTRIK,3.0,318.37905194363,0.9551371558308899,392.9669834936354,1542.4761610574017,-930.874375999499,10.841290350776788,14,MACHINE
621,C021466,C061176/C032692_Flex,ELEKTRIK,3.0,23.377021826629985,0.07013106547988995,86.28085775967193,1541.758390071508,-947.2994180688726,8.004749339790836,1,MACHINE
622,C021466,C061176/C032692_Flex,ELEKTRIK,3.0,23.377021826629985,0.07013106547988995,113.18085775967198,1541.758390071508,-947.2994180688728,8.004749339790836,1,MACHINE
623,C021467,C061176/C032692_Flex,ELEKTRIK,3.0,23.377021826629985,0.07013106547988995,59.380857759671926,1541.758390071508,-947.2994180688725,8.004749339790836,1,MACHINE
624,C021468,C061176/C032692_Flex,ELEKTRIK,3.0,53.233946250971854,0.15970183875291558,113.15000000001343,1543.60292644537,-915.8671793063072,6.83604608517295,1,MACHINE
625,C021468,C061176/C032692_Flex,ELEKTRIK,3.0,53.233946250971854,0.15970183875291558,86.25000000001343,1543.60292644537,-915.8671793063071,6.83604608517295,1,MACHINE
626,C021468,C061176/C032692_Flex,ELEKTRIK,3.0,53.233946250971854,0.15970183875291558,59.350000000013424,1543.6029264453703,-915.8671793063071,6.83604608517295,1,MACHINE
627,C021469,C061176/C032692_Flex,ELEKTRIK,3.0,107.19949432148263,0.3215984829644479,477.5303660761224,1395.6430463215715,-927.6053821549668,9.895355009532354,1,MACHINE
628,C021469,C061176/C032692_Flex,ELEKTRIK,3.0,107.19949432148263,0.3215984829644479,342.5303660761225,1395.6430463215722,-927.6053821549654,9.895355009532354,1,MACHINE
629,C021469,C061176/C032692_Flex,ELEKTRIK,3.0,107.19949432148263,0.3215984829644479,387.53036607612256,1395.6430463215715,-927.6053821549659,9.895355009532354,1,MACHINE
630,C021471,C061176/C032692_Flex,ELEKTRIK,3.0,49.59016672300781,0.14877050016902343,387.7660395704697,1395.5738138295333,-970.9591460838911,4.599181762000471,10,MACHINE
631,C021472,C061176/C032692_Flex,ELEKTRIK,3.0,107.496691608534,0.322490074825602,480.08121045103286,1339.0139574114,-928.9413785176744,6.9351922212984745,1,MACHINE
632,C021473,C061176/C032692_Flex,ELEKTRIK,3.0,107.496691608534,0.322490074825602,390.08121045103303,1339.0139574114003,-928.9413785176735,6.9351922212984745,1,MACHINE
633,C021479,C061176/C032692_Flex,ELEKTRIK,3.0,74.50038448472115,0.22350115345416344,39.18251056430987,1395.7231155670338,-924.1548201297613,9.842029051402475,1,MACHINE
634,C021480,C061176/C032692_Flex,ELEKTRIK,3.0,59.015438326788704,0.1770463149803661,-59.77603875745486,1396.4312115880357,-950.8980056299664,1.4682586579945702,10,MACHINE
635,C032699,C061176/C032692_Flex,AISI316_SAC,7.9,34.07515429704822,0.269193718946681,215.00000000001197,1543.0999999997405,-900.1730764872542,1.4419347681628085,1,MACHINE
636,C032699,C061176/C032692_Flex,AISI316_SAC,7.9,34.07515429704822,0.269193718946681,215.00000000001143,1395.6017700000157,-900.1730764872545,1.4419347681628085,1,MACHINE
637,C032701,C061176/C032692_Flex,PVC_KANAL,1.45,143.61174581823755,0.20823703143644445,292.5000000000121,1614.6000000000158,-924.0678522641119,1.695911750519269,1,MACHINE
638,C032698,C061176/C032692_Flex,PVC_KANAL,1.45,133.45737995230164,0.19351320093083738,-89.99999999998904,1364.6000000000172,-924.067852264113,1.695469774897899,1,MACHINE
639,C032698,C061176/C032692_Flex,PVC_KANAL,1.45,133.45737995230164,0.19351320093083738,520.0000000000116,1364.600000000015,-924.0678522641255,1.695469774897899,1,MACHINE
640,C032697,C061176/C032692_Flex,PVC_KANAL,1.45,165.37110124524324,0.2397880968056027,215.0000000000121,1469.6000000000158,-924.0678522641156,1.69667661330644,1,MACHINE
641,C032697,C061176/C032692_Flex,PVC_KANAL,1.45,165.37110124524324,0.2397880968056027,215.00000000001157,1277.9053470000165,-924.06785226412,1.69667661330644,1,MACHINE
642,C032696,C061176/C032692_Flex,PVC_KANAL,1.45,210.6810803673829,0.30548756653270515,215.0000000000107,1104.6000000000158,-921.4435324435102,1.6971164729096788,1,MACHINE
643,C032699,C061176/C032692_Flex,AISI316_SAC,7.9,34.07515429704822,0.269193718946681,215.00000000001054,1217.9053470000165,-900.1730764872552,1.4419347681628085,1,MACHINE
644,C032695,C061176/C032692_Flex,PVC_KANAL,1.45,35.592239993877826,0.05160874799112285,292.500000000012,1614.6000000000158,-957.4228189393975,1.1736502838914826,1,MACHINE
645,C032694,C061176/C032692_Flex,PVC_KANAL,1.45,40.98500362931386,0.059428255262505086,215.0000000000119,1469.600000000016,-957.4228189393933,1.174016547808183,1,MACHINE
646,C032694,C061176/C032692_Flex,PVC_KANAL,1.45,40.98500362931386,0.059428255262505086,215.00000000001071,1277.9053470000165,-957.4228189393939,1.174016547808183,1,MACHINE
647,C032693,C061176/C032692_Flex,PVC_KANAL,1.45,33.07561696400769,0.04795964459781116,-89.99999999998883,1364.6000000000172,-957.4228189393876,1.173438592065463,1,MACHINE
648,C032693,C061176/C032692_Flex,PVC_KANAL,1.45,33.07561696400769,0.04795964459781116,520.0000000000116,1364.600000000015,-957.4228189393929,1.173438592065463,1,MACHINE
649,C032700,C061176/C032692_Flex,PVC_KANAL,1.45,62.33728484044569,0.09038906301864626,215.00000000001077,1104.600000000016,-957.7674605868549,1.1801020111333977,1,MACHINE
650,C032697,C061176/C032692_Flex,PVC_KANAL,1.45,165.37110124524324,0.2397880968056027,215.00000000001077,1157.9053470000163,-924.0678522641205,1.69667661330644,1,MACHINE
651,C032694,C061176/C032692_Flex,PVC_KANAL,1.45,40.98500362931386,0.059428255262505086,215.00000000001037,1157.9053470000167,-957.4228189393945,1.174016547808183,1,MACHINE
652,C021470,C061176/C032692_Flex,ELEKTRIK,3.0,106.83643245111837,0.32050929735335515,477.5121503510713,1217.947053529813,-929.0026895226696,10.192515977368954,1,MACHINE
653,C021470,C061176/C032692_Flex,ELEKTRIK,3.0,106.83643245111837,0.32050929735335515,432.5121503510713,1217.9470535298133,-929.0026895226695,10.192515977368954,1,MACHINE
654,C021469,C061176/C032692_Flex,ELEKTRIK,3.0,107.19949432148263,0.3215984829644479,432.53036607612256,1395.6430463215715,-927.6053821549663,9.895355009532354,1,MACHINE
655,C021473,C061176/C032692_Flex,ELEKTRIK,3.0,107.496691608534,0.322490074825602,345.0812104510329,1339.0139574114007,-928.941378517673,6.9351922212984745,1,MACHINE
656,C021473,C061176/C032692_Flex,ELEKTRIK,3.0,107.496691608534,0.322490074825602,300.0812104510329,1339.0139574114007,-928.9413785176725,6.9351922212984745,1,MACHINE
657,C021469,C061176/C032692_Flex,ELEKTRIK,3.0,107.19949432148263,0.3215984829644479,297.53036607612233,1395.6430463215722,-927.6053821549622,9.895355009532354,1,MACHINE
658,C021469,C061176/C032692_Flex,ELEKTRIK,3.0,107.19949432148263,0.3215984829644479,252.5303660761223,1395.6430463215722,-927.6053821549617,9.895355009532354,1,MACHINE
659,C059385,C061176/C032692_Flex,ELEKTRIK,3.0,894.4408797674033,2.6833226393022103,192.09962646003729,1542.5414254309042,-939.1841766199528,12.544888883107099,11,MACHINE
660,C059384,C061176/C032692_Flex,ELEKTRIK,3.0,83.53555969787007,0.25060667909361023,324.68282533130207,1545.4002564247728,-924.7013738695437,1.914269324494231,86,MACHINE
661,C021464,C061176/C032692_Flex,ELEKTRIK,3.0,80.29876277421909,0.24089628832265725,265.44996618704926,1542.4025117765007,-930.5263165258758,7.979472609074807,1,MACHINE
662,C059386,C061176/C032692_Flex,(hacimsiz/hatalı),0.0,0.0,0.0,,,,0.0,0,EXCLUDED_NOVOL
663,C021469,C061176/C032692_Flex,ELEKTRIK,3.0,107.19949432148263,0.3215984829644479,207.53036607612228,1395.643046321573,-927.6053821549615,9.895355009532354,1,MACHINE
664,C021469,C061176/C032692_Flex,ELEKTRIK,3.0,107.19949432148263,0.3215984829644479,162.53036607612225,1395.643046321573,-927.6053821549607,9.895355009532354,1,MACHINE
665,C021469,C061176/C032692_Flex,ELEKTRIK,3.0,107.19949432148263,0.3215984829644479,117.53036607612225,1395.643046321573,-927.6053821549604,9.895355009532354,1,MACHINE
666,C021469,C061176/C032692_Flex,ELEKTRIK,3.0,107.19949432148263,0.3215984829644479,72.53036607611897,1395.643046321564,-927.6053821545246,9.895355009532354,1,MACHINE
667,C059387,C061176/C032692_Flex,ELEKTRIK,3.0,7.769830169916197,0.023309490509748593,407.4586530179487,1219.411336882537,-918.1099815252279,2.6649011164030734,1,MACHINE
668,C059388,C061176/C032692_Flex,ELEKTRIK,3.0,7.769830168329232,0.023309490504987696,397.25865301818646,1219.411336880296,-918.1099815280509,2.6649011160106877,1,MACHINE
669,C059389,C061176/C032692_Flex,ELEKTRIK,3.0,7.7698305187009025,0.023309491556102707,392.1586530189823,1219.4113365281753,-918.1099820311665,2.6649011664767484,1,MACHINE
670,C059390,C061176/C032692_Flex,ELEKTRIK,3.0,7.769830168329232,0.023309490504987696,402.3586530181865,1219.411336880296,-918.1099815280505,2.6649011160106877,1,MACHINE
671,C059389,C061176/C032692_Flex,ELEKTRIK,3.0,7.7698305187009025,0.023309491556102707,371.7586530189821,1219.4113365281758,-918.1099820311711,2.6649011664767484,1,MACHINE
672,C059389,C061176/C032692_Flex,ELEKTRIK,3.0,7.7698305187009025,0.023309491556102707,351.3586530189821,1219.4113365281755,-918.1099820311708,2.6649011664767484,1,MACHINE
673,C059389,C061176/C032692_Flex,ELEKTRIK,3.0,7.7698305187009025,0.023309491556102707,330.95865301898215,1219.4113365281755,-918.1099820311706,2.6649011664767484,1,MACHINE
674,C059389,C061176/C032692_Flex,ELEKTRIK,3.0,7.7698305187009025,0.023309491556102707,310.55865301898217,1219.411336528176,-918.1099820311704,2.6649011664767484,1,MACHINE
675,C059389,C061176/C032692_Flex,ELEKTRIK,3.0,7.7698305187009025,0.023309491556102707,290.15865301898214,1219.411336528176,-918.1099820311701,2.6649011664767484,1,MACHINE
676,C059389,C061176/C032692_Flex,ELEKTRIK,3.0,7.7698305187009025,0.023309491556102707,269.75865301898216,1219.411336528176,-918.1099820311699,2.6649011664767484,1,MACHINE
677,C059389,C061176/C032692_Flex,ELEKTRIK,3.0,7.7698305187009025,0.023309491556102707,249.3586530189821,1219.4113365281762,-918.1099820311697,2.6649011664767484,1,MACHINE
678,C059389,C061176/C032692_Flex,ELEKTRIK,3.0,7.7698305187009025,0.023309491556102707,228.95865301898206,1219.4113365281762,-918.1099820311695,2.6649011664767484,1,MACHINE
679,C059389,C061176/C032692_Flex,ELEKTRIK,3.0,7.7698305187009025,0.023309491556102707,208.55865301898206,1219.411336528176,-918.1099820311692,2.6649011664767484,1,MACHINE
680,C059389,C061176/C032692_Flex,ELEKTRIK,3.0,7.7698305187009025,0.023309491556102707,188.15865301898205,1219.4113365281764,-918.109982031169,2.6649011664767484,1,MACHINE
681,C059389,C061176/C032692_Flex,ELEKTRIK,3.0,7.7698305187009025,0.023309491556102707,167.75865301898202,1219.4113365281764,-918.1099820311688,2.6649011664767484,1,MACHINE
682,C059389,C061176/C032692_Flex,ELEKTRIK,3.0,7.7698305187009025,0.023309491556102707,147.35865301898204,1219.4113365281762,-918.1099820311686,2.6649011664767484,1,MACHINE
683,C059389,C061176/C032692_Flex,ELEKTRIK,3.0,7.7698305187009025,0.023309491556102707,126.958653018982,1219.4113365281767,-918.1099820311683,2.6649011664767484,1,MACHINE
684,C059389,C061176/C032692_Flex,ELEKTRIK,3.0,7.7698305187009025,0.023309491556102707,106.55865301898207,1219.4113365281767,-918.1099820311681,2.6649011664767484,1,MACHINE
685,C059389,C061176/C032692_Flex,ELEKTRIK,3.0,7.7698305187009025,0.023309491556102707,86.15865301898201,1219.4113365281764,-918.1099820311679,2.6649011664767484,1,MACHINE
686,C059389,C061176/C032692_Flex,ELEKTRIK,3.0,7.7698305187009025,0.023309491556102707,65.75865301898203,1219.4113365281767,-918.1099820311676,2.6649011664767484,1,MACHINE
687,C059389,C061176/C032692_Flex,ELEKTRIK,3.0,7.7698305187009025,0.023309491556102707,45.35865301898205,1219.411336528177,-918.1099820311674,2.6649011664767484,1,MACHINE
688,C059389,C061176/C032692_Flex,ELEKTRIK,3.0,7.7698305187009025,0.023309491556102707,24.958653018982012,1219.4113365281767,-918.1099820311672,2.6649011664767484,1,MACHINE
689,C059389,C061176/C032692_Flex,ELEKTRIK,3.0,7.7698305187009025,0.023309491556102707,4.558653018982007,1219.4113365281771,-918.109982031167,2.6649011664767484,1,MACHINE
690,C059388,C061176/C032692_Flex,ELEKTRIK,3.0,7.769830168329232,0.023309490504987696,376.8586530181864,1219.4113368802962,-918.1099815280555,2.6649011160106877,1,MACHINE
691,C059388,C061176/C032692_Flex,ELEKTRIK,3.0,7.769830168329232,0.023309490504987696,356.4586530181863,1219.4113368802964,-918.1099815280553,2.6649011160106877,1,MACHINE
692,C059388,C061176/C032692_Flex,ELEKTRIK,3.0,7.769830168329232,0.023309490504987696,336.0586530181863,1219.4113368802964,-918.1099815280551,2.6649011160106877,1,MACHINE
693,C059388,C061176/C032692_Flex,ELEKTRIK,3.0,7.769830168329232,0.023309490504987696,315.6586530181863,1219.4113368802966,-918.1099815280548,2.6649011160106877,1,MACHINE
694,C059388,C061176/C032692_Flex,ELEKTRIK,3.0,7.769830168329232,0.023309490504987696,295.2586530181863,1219.4113368802969,-918.1099815280546,2.6649011160106877,1,MACHINE
695,C059388,C061176/C032692_Flex,ELEKTRIK,3.0,7.769830168329232,0.023309490504987696,274.8586530181863,1219.4113368802966,-918.1099815280544,2.6649011160106877,1,MACHINE
696,C059388,C061176/C032692_Flex,ELEKTRIK,3.0,7.769830168329232,0.023309490504987696,254.45865301818628,1219.4113368802966,-918.1099815280543,2.6649011160106877,1,MACHINE
697,C059388,C061176/C032692_Flex,ELEKTRIK,3.0,7.769830168329232,0.023309490504987696,234.05865301818628,1219.4113368802969,-918.109981528054,2.6649011160106877,1,MACHINE
698,C059388,C061176/C032692_Flex,ELEKTRIK,3.0,7.769830168329232,0.023309490504987696,213.65865301818627,1219.4113368802969,-918.1099815280538,2.6649011160106877,1,MACHINE
699,C059388,C061176/C032692_Flex,ELEKTRIK,3.0,7.769830168329232,0.023309490504987696,193.25865301818627,1219.4113368802969,-918.1099815280536,2.6649011160106877,1,MACHINE
700,C059388,C061176/C032692_Flex,ELEKTRIK,3.0,7.769830168329232,0.023309490504987696,172.85865301818623,1219.411336880297,-918.1099815280534,2.6649011160106877,1,MACHINE
701,C059388,C061176/C032692_Flex,ELEKTRIK,3.0,7.769830168329232,0.023309490504987696,152.45865301818628,1219.411336880297,-918.1099815280531,2.6649011160106877,1,MACHINE
702,C059388,C061176/C032692_Flex,ELEKTRIK,3.0,7.769830168329232,0.023309490504987696,132.05865301818625,1219.411336880297,-918.1099815280529,2.6649011160106877,1,MACHINE
703,C059388,C061176/C032692_Flex,ELEKTRIK,3.0,7.769830168329232,0.023309490504987696,111.65865301818629,1219.4113368802973,-918.1099815280527,2.6649011160106877,1,MACHINE
704,C059388,C061176/C032692_Flex,ELEKTRIK,3.0,7.769830168329232,0.023309490504987696,91.25865301818624,1219.4113368802973,-918.1099815280525,2.6649011160106877,1,MACHINE
705,C059388,C061176/C032692_Flex,ELEKTRIK,3.0,7.769830168329232,0.023309490504987696,70.85865301818623,1219.4113368802973,-918.1099815280522,2.6649011160106877,1,MACHINE
706,C059388,C061176/C032692_Flex,ELEKTRIK,3.0,7.769830168329232,0.023309490504987696,50.45865301818626,1219.4113368802975,-918.109981528052,2.6649011160106877,1,MACHINE
707,C059388,C061176/C032692_Flex,ELEKTRIK,3.0,7.769830168329232,0.023309490504987696,30.058653018186224,1219.4113368802978,-918.1099815280518,2.6649011160106877,1,MACHINE
708,C059388,C061176/C032692_Flex,ELEKTRIK,3.0,7.769830168329232,0.023309490504987696,9.658653018186222,1219.4113368802975,-918.1099815280515,2.6649011160106877,1,MACHINE
709,C059390,C061176/C032692_Flex,ELEKTRIK,3.0,7.769830168329232,0.023309490504987696,381.95865301818634,1219.4113368802962,-918.1099815280551,2.6649011160106877,1,MACHINE
710,C059390,C061176/C032692_Flex,ELEKTRIK,3.0,7.769830168329232,0.023309490504987696,361.5586530181863,1219.4113368802964,-918.109981528055,2.6649011160106877,1,MACHINE
711,C059390,C061176/C032692_Flex,ELEKTRIK,3.0,7.769830168329232,0.023309490504987696,341.1586530181863,1219.4113368802964,-918.1099815280546,2.6649011160106877,1,MACHINE
712,C059390,C061176/C032692_Flex,ELEKTRIK,3.0,7.769830168329232,0.023309490504987696,320.75865301818635,1219.4113368802964,-918.1099815280545,2.6649011160106877,1,MACHINE
713,C059390,C061176/C032692_Flex,ELEKTRIK,3.0,7.769830168329232,0.023309490504987696,300.3586530181863,1219.4113368802966,-918.1099815280542,2.6649011160106877,1,MACHINE
714,C059390,C061176/C032692_Flex,ELEKTRIK,3.0,7.769830168329232,0.023309490504987696,279.95865301818634,1219.4113368802966,-918.1099815280539,2.6649011160106877,1,MACHINE
715,C059390,C061176/C032692_Flex,ELEKTRIK,3.0,7.769830168329232,0.023309490504987696,259.5586530181863,1219.4113368802966,-918.1099815280538,2.6649011160106877,1,MACHINE
716,C059390,C061176/C032692_Flex,ELEKTRIK,3.0,7.769830168329232,0.023309490504987696,239.15865301818627,1219.4113368802969,-918.1099815280535,2.6649011160106877,1,MACHINE
717,C059390,C061176/C032692_Flex,ELEKTRIK,3.0,7.769830168329232,0.023309490504987696,218.75865301818627,1219.4113368802969,-918.1099815280534,2.6649011160106877,1,MACHINE
718,C059390,C061176/C032692_Flex,ELEKTRIK,3.0,7.769830168329232,0.023309490504987696,198.35865301818626,1219.4113368802969,-918.1099815280531,2.6649011160106877,1,MACHINE
719,C059390,C061176/C032692_Flex,ELEKTRIK,3.0,7.769830168329232,0.023309490504987696,177.95865301818623,1219.411336880297,-918.1099815280529,2.6649011160106877,1,MACHINE
720,C059390,C061176/C032692_Flex,ELEKTRIK,3.0,7.769830168329232,0.023309490504987696,157.55865301818625,1219.411336880297,-918.1099815280527,2.6649011160106877,1,MACHINE
721,C059390,C061176/C032692_Flex,ELEKTRIK,3.0,7.769830168329232,0.023309490504987696,137.15865301818621,1219.411336880297,-918.1099815280525,2.6649011160106877,1,MACHINE
722,C059390,C061176/C032692_Flex,ELEKTRIK,3.0,7.769830168329232,0.023309490504987696,116.75865301818625,1219.411336880297,-918.1099815280521,2.6649011160106877,1,MACHINE
723,C059390,C061176/C032692_Flex,ELEKTRIK,3.0,7.769830168329232,0.023309490504987696,96.35865301818623,1219.4113368802973,-918.109981528052,2.6649011160106877,1,MACHINE
724,C059390,C061176/C032692_Flex,ELEKTRIK,3.0,7.769830168329232,0.023309490504987696,75.95865301818623,1219.4113368802973,-918.1099815280517,2.6649011160106877,1,MACHINE
725,C059390,C061176/C032692_Flex,ELEKTRIK,3.0,7.769830168329232,0.023309490504987696,55.558653018186256,1219.4113368802975,-918.1099815280514,2.6649011160106877,1,MACHINE
726,C059390,C061176/C032692_Flex,ELEKTRIK,3.0,7.769830168329232,0.023309490504987696,35.15865301818622,1219.4113368802978,-918.1099815280513,2.6649011160106877,1,MACHINE
727,C059390,C061176/C032692_Flex,ELEKTRIK,3.0,7.769830168329232,0.023309490504987696,14.758653018186216,1219.4113368802975,-918.1099815280511,2.6649011160106877,1,MACHINE
728,C059387,C061176/C032692_Flex,ELEKTRIK,3.0,7.769830169916197,0.023309490509748593,387.0586530179485,1219.4113368825376,-918.1099815252323,2.6649011164030734,1,MACHINE
729,C059387,C061176/C032692_Flex,ELEKTRIK,3.0,7.769830169916197,0.023309490509748593,366.65865301794844,1219.4113368825376,-918.1099815252322,2.6649011164030734,1,MACHINE
730,C059387,C061176/C032692_Flex,ELEKTRIK,3.0,7.769830169916197,0.023309490509748593,346.25865301794846,1219.4113368825374,-918.1099815252319,2.6649011164030734,1,MACHINE
731,C059387,C061176/C032692_Flex,ELEKTRIK,3.0,7.769830169916197,0.023309490509748593,325.8586530179484,1219.4113368825376,-918.1099815252318,2.6649011164030734,1,MACHINE
732,C059387,C061176/C032692_Flex,ELEKTRIK,3.0,7.769830169916197,0.023309490509748593,305.4586530179484,1219.4113368825379,-918.1099815252314,2.6649011164030734,1,MACHINE
733,C059387,C061176/C032692_Flex,ELEKTRIK,3.0,7.769830169916197,0.023309490509748593,285.0586530179484,1219.4113368825376,-918.1099815252312,2.6649011164030734,1,MACHINE
734,C059387,C061176/C032692_Flex,ELEKTRIK,3.0,7.769830169916197,0.023309490509748593,264.65865301794844,1219.4113368825379,-918.1099815252311,2.6649011164030734,1,MACHINE
735,C059387,C061176/C032692_Flex,ELEKTRIK,3.0,7.769830169916197,0.023309490509748593,244.25865301794843,1219.411336882538,-918.109981525231,2.6649011164030734,1,MACHINE
736,C059387,C061176/C032692_Flex,ELEKTRIK,3.0,7.769830169916197,0.023309490509748593,223.85865301794843,1219.411336882538,-918.1099815252306,2.6649011164030734,1,MACHINE
737,C059387,C061176/C032692_Flex,ELEKTRIK,3.0,7.769830169916197,0.023309490509748593,203.45865301794842,1219.4113368825379,-918.1099815252305,2.6649011164030734,1,MACHINE
738,C059387,C061176/C032692_Flex,ELEKTRIK,3.0,7.769830169916197,0.023309490509748593,183.0586530179484,1219.4113368825383,-918.1099815252303,2.6649011164030734,1,MACHINE
739,C059387,C061176/C032692_Flex,ELEKTRIK,3.0,7.769830169916197,0.023309490509748593,162.6586530179484,1219.4113368825383,-918.1099815252301,2.6649011164030734,1,MACHINE
740,C059387,C061176/C032692_Flex,ELEKTRIK,3.0,7.769830169916197,0.023309490509748593,142.25865301794838,1219.4113368825383,-918.1099815252298,2.6649011164030734,1,MACHINE
741,C059387,C061176/C032692_Flex,ELEKTRIK,3.0,7.769830169916197,0.023309490509748593,121.85865301794843,1219.4113368825385,-918.1099815252296,2.6649011164030734,1,MACHINE
742,C059387,C061176/C032692_Flex,ELEKTRIK,3.0,7.769830169916197,0.023309490509748593,101.45865301794838,1219.4113368825385,-918.1099815252294,2.6649011164030734,1,MACHINE
743,C059387,C061176/C032692_Flex,ELEKTRIK,3.0,7.769830169916197,0.023309490509748593,81.05865301794842,1219.4113368825383,-918.109981525229,2.6649011164030734,1,MACHINE
744,C059387,C061176/C032692_Flex,ELEKTRIK,3.0,7.769830169916197,0.023309490509748593,60.65865301794846,1219.4113368825388,-918.1099815252289,2.6649011164030734,1,MACHINE
745,C059387,C061176/C032692_Flex,ELEKTRIK,3.0,7.769830169916197,0.023309490509748593,40.2586530179484,1219.4113368825388,-918.1099815252287,2.6649011164030734,1,MACHINE
746,C059387,C061176/C032692_Flex,ELEKTRIK,3.0,7.769830169916197,0.023309490509748593,19.858653017948395,1219.4113368825385,-918.1099815252285,2.6649011164030734,1,MACHINE
747,C004609_Varsayılan,C061176/C032692_Flex,ELEKTRIK,3.0,202.21399561427734,0.606641986842832,-119.03001348693209,1026.3383649057002,-1011.0107104446873,9.685887478078145,2,MACHINE
748,C059391,C061176/C032692_Flex,AISI316_SAC,7.9,328.2680066705939,2.593317252697692,571.000094194438,1322.5268283444796,-1010.9623715038343,1.964880880608176,1,MACHINE
749,C021474,C061176/C032692_Flex,ELEKTRIK,3.0,6.280421646340685,0.018841264939022054,569.1358718673639,1364.6179307842144,-1085.995121964601,3.9582126009103353,0,MACHINE
750,C021474,C061176/C032692_Flex,ELEKTRIK,3.0,6.280421646340685,0.018841264939022054,569.1358718673639,1334.6179307842142,-1085.9951219646011,3.9582126009103353,0,MACHINE
751,C021474,C061176/C032692_Flex,ELEKTRIK,3.0,6.280421646340685,0.018841264939022054,569.1358718673638,1304.6179307842142,-1085.995121964601,3.9582126009103353,0,MACHINE
752,C021461,C061176/C032692_Flex,ELEKTRIK,3.0,36.973445971437854,0.11092033791431356,558.4160763093952,1394.598849558962,-938.6031531964545,5.5674452476766625,0,MACHINE
753,C021476,C061176/C032692_Flex,ELEKTRIK,3.0,36.973445971437854,0.11092033791431356,558.4160763093936,1394.6011504410687,-1083.3968468035816,5.5674452476766625,0,MACHINE
754,C004598_Varsayılan,C061176/C032692_Flex,ELEKTRIK,3.0,37.55131550931641,0.11265394652794923,559.3742390986504,1199.6652314692853,-1011.0249972554169,2.2301631324318736,10,MACHINE
755,C021474,C061176/C032692_Flex,ELEKTRIK,3.0,6.280421646340685,0.018841264939022054,569.1358718673644,1093.117930784214,-965.9951219646018,3.9582126009103353,0,MACHINE
756,C021474,C061176/C032692_Flex,ELEKTRIK,3.0,6.280421646340685,0.018841264939022054,569.1358718673639,1093.117930784214,-1010.9951219646017,3.9582126009103353,0,MACHINE
757,C021474,C061176/C032692_Flex,ELEKTRIK,3.0,6.280421646340685,0.018841264939022054,569.1358718673633,1093.117930784214,-1055.9951219646018,3.9582126009103353,0,MACHINE
758,C021460,C061176/C032692_Flex,ELEKTRIK,3.0,38.22478550122876,0.11467435650368628,559.6181580032209,1304.866122987256,-933.4940031238652,5.536369585391888,0,MACHINE
759,C059392,C061176/C032692_Flex,ELEKTRIK,3.0,920.2092433388235,2.7606277300164708,527.505422872915,1484.1003393250137,-1011.0000000000174,31.401880236950586,1,MACHINE
760,C046138,C061176,(hacimsiz/hatalı),0.0,0.0,0.0,,,,0.0,0,EXCLUDED_NOVOL
761,C047983,C061176,PEDAL,1.2,1270.4410864499137,1.5245293037398961,124.97473110947304,46.48069221136582,762.4940628768014,9.760750794528482,0,FLOOR_ITEM
